foods_name,foods_svg
Agneau,"<svg  width=""90"" height=""90"" viewbox=""0 0 90 90""><path d=""M87.830,49.697 C87.399,51.082 86.357,52.145 84.866,52.788 C83.856,53.225 82.712,53.439 81.509,53.439 C79.829,53.439 78.033,53.019 76.328,52.193 C74.186,51.156 72.280,49.552 70.901,47.800 C69.368,53.712 67.171,59.008 65.255,63.250 C61.621,71.295 55.518,81.991 44.509,81.991 C33.520,81.991 27.420,71.325 23.787,63.304 C21.859,59.045 19.645,53.723 18.106,47.768 C16.724,49.532 14.810,51.150 12.656,52.193 C10.951,53.019 9.155,53.439 7.474,53.439 C6.271,53.439 5.127,53.225 4.117,52.788 C2.626,52.145 1.584,51.082 1.181,49.797 C0.900,48.686 0.991,47.737 1.422,46.876 C1.598,46.523 1.887,46.238 2.243,46.065 C2.243,46.065 14.534,40.096 14.534,40.096 C11.951,37.959 10.260,34.487 10.260,30.563 C10.260,23.972 14.761,18.809 20.508,18.809 C21.439,18.809 22.351,18.941 23.232,19.200 C25.116,16.250 28.213,14.418 31.494,14.418 C32.695,14.418 33.835,14.630 34.904,15.048 C36.448,10.902 40.177,8.004 44.340,8.004 C48.505,8.004 52.121,10.810 53.736,15.063 C54.817,14.634 55.970,14.418 57.186,14.418 C60.418,14.418 63.399,16.184 65.404,19.213 C66.299,18.946 67.225,18.809 68.173,18.809 C73.919,18.809 78.421,23.972 78.421,30.563 C78.421,34.492 76.814,37.902 74.306,40.026 C74.306,40.026 86.740,46.065 86.740,46.065 C87.096,46.238 87.385,46.523 87.562,46.876 C87.992,47.737 88.083,48.686 87.830,49.697 zM27.061,61.824 C32.183,73.133 37.727,78.400 44.509,78.400 C51.305,78.400 56.856,73.118 61.979,61.774 C64.319,56.595 67.086,49.796 68.418,42.306 C68.335,42.308 68.255,42.319 68.173,42.319 C64.945,42.319 61.967,40.559 59.963,37.535 C59.704,37.608 59.447,37.667 59.193,37.718 C57.506,41.779 53.964,44.346 49.918,44.346 C47.594,44.346 45.304,43.424 43.495,41.813 C41.686,43.424 39.396,44.346 37.072,44.346 C33.223,44.346 29.849,42.070 28.095,38.483 C26.212,40.848 23.481,42.283 20.601,42.313 C21.937,49.835 24.714,56.641 27.061,61.824 zM4.667,48.877 C4.757,49.008 5.036,49.275 5.543,49.494 C6.680,49.984 8.734,50.102 11.087,48.965 C14.333,47.394 16.217,44.527 16.671,43.048 C16.671,43.048 4.667,48.877 4.667,48.877 zM74.827,30.563 C74.827,25.985 71.904,22.399 68.173,22.399 C67.218,22.399 66.295,22.619 65.428,23.052 C65.002,23.268 64.508,23.301 64.055,23.151 C63.603,23.001 63.229,22.676 63.016,22.251 C61.687,19.593 59.508,18.009 57.186,18.009 C55.882,18.009 54.742,18.388 53.701,19.168 C53.202,19.541 52.547,19.633 51.969,19.406 C51.390,19.180 50.969,18.672 50.855,18.060 C50.149,14.254 47.470,11.595 44.340,11.595 C41.173,11.595 38.377,14.346 37.836,17.996 C37.743,18.623 37.327,19.153 36.742,19.394 C36.156,19.635 35.487,19.547 34.979,19.170 C33.938,18.388 32.797,18.009 31.494,18.009 C29.100,18.009 26.825,19.645 25.700,22.177 C25.500,22.625 25.126,22.971 24.663,23.138 C24.202,23.301 23.691,23.273 23.253,23.052 C22.385,22.619 21.462,22.399 20.508,22.399 C16.776,22.399 13.853,25.985 13.853,30.563 C13.853,34.857 16.577,38.349 20.010,38.667 C20.010,38.667 20.029,38.664 20.029,38.664 C20.029,38.664 20.030,38.669 20.030,38.669 C20.190,38.684 20.344,38.729 20.508,38.729 C22.902,38.729 25.176,37.093 26.302,34.561 C26.502,34.113 26.876,33.765 27.340,33.600 C27.800,33.437 28.311,33.465 28.751,33.686 C28.870,33.745 28.984,33.814 29.102,33.849 C29.926,33.849 30.502,34.393 30.702,35.192 C31.535,38.519 34.095,40.755 37.072,40.755 C38.943,40.755 40.807,39.762 42.058,38.097 C42.397,37.646 42.930,37.378 43.495,37.378 C44.060,37.378 44.593,37.646 44.932,38.097 C46.183,39.762 48.046,40.755 49.918,40.755 C52.704,40.755 55.150,38.727 56.150,35.590 C56.354,34.947 56.902,34.474 57.568,34.363 C58.436,34.220 59.257,34.083 59.809,33.752 C60.238,33.494 60.757,33.429 61.236,33.567 C61.717,33.705 62.118,34.040 62.342,34.487 C63.671,37.144 65.852,38.729 68.173,38.729 C71.904,38.729 74.827,35.143 74.827,30.563 zM72.312,43.050 C72.766,44.527 74.650,47.392 77.896,48.965 C80.248,50.102 82.303,49.984 83.440,49.494 C83.901,49.295 84.173,49.057 84.299,48.871 C84.299,48.871 72.312,43.050 72.312,43.050 zM32.001,51.159 C34.335,51.159 36.227,53.049 36.227,55.380 C36.227,57.710 34.335,59.600 32.001,59.600 C29.668,59.600 27.776,57.710 27.776,55.380 C27.776,53.049 29.668,51.159 32.001,51.159 zM57.017,51.159 C59.350,51.159 61.242,53.049 61.242,55.380 C61.242,57.710 59.350,59.600 57.017,59.600 C54.683,59.600 52.791,57.710 52.791,55.380 C52.791,53.049 54.683,51.159 57.017,51.159 z""></path></svg>"
Apéritif,"<svg  width=""90"" height=""90"" viewbox=""0 0 90 90""><path d=""M36.956,39.486 C36.956,36.662 39.259,34.372 42.101,34.372 C44.942,34.372 47.245,36.662 47.245,39.486 C47.245,42.310 44.942,44.600 42.101,44.600 C39.259,44.600 36.956,42.310 36.956,39.486 zM72.925,29.238 C72.925,29.238 50.360,59.323 50.360,59.323 L50.360,75.870 C50.360,75.870 61.955,75.870 61.955,75.870 C63.101,75.870 64.031,76.795 64.031,77.934 C64.031,79.074 63.101,79.999 61.955,79.999 C61.955,79.999 48.284,79.999 48.284,79.999 C47.138,79.999 46.209,79.074 46.209,77.934 C46.209,77.934 46.209,58.638 46.209,58.638 C46.209,58.195 46.353,57.761 46.620,57.404 C46.620,57.404 69.567,26.812 69.567,26.812 C69.760,26.523 69.922,26.002 69.876,25.852 C69.874,25.852 69.307,25.153 66.244,25.153 C66.244,25.153 23.817,25.153 23.817,25.153 C20.752,25.153 20.186,25.852 20.181,25.860 C20.127,26.038 20.357,26.620 20.524,26.853 C20.524,26.853 43.439,57.404 43.439,57.404 C43.707,57.761 43.851,58.195 43.851,58.638 C43.851,58.638 43.851,77.934 43.851,77.934 C43.851,79.074 42.922,79.999 41.776,79.999 C41.776,79.999 28.105,79.999 28.105,79.999 C26.959,79.999 26.030,79.074 26.030,77.934 C26.030,76.795 26.959,75.870 28.105,75.870 C28.105,75.870 39.700,75.870 39.700,75.870 L39.700,59.323 C39.700,59.323 17.165,29.280 17.165,29.280 C16.935,28.957 15.215,26.421 16.495,23.962 C17.518,21.993 19.900,21.034 23.770,21.026 C23.770,21.026 16.899,14.196 16.899,14.196 C16.327,13.627 16.326,12.704 16.899,12.133 C16.899,12.133 18.690,10.351 18.690,10.351 C19.239,9.805 20.214,9.800 20.767,10.351 C20.767,10.351 31.503,21.024 31.503,21.024 C31.503,21.024 66.244,21.024 66.244,21.024 C70.142,21.024 72.537,21.985 73.565,23.962 C74.845,26.421 73.125,28.957 72.925,29.238 z""></path></svg>"
Apéritif et snacks,"<svg  width=""90"" height=""90"" viewbox=""0 0 90 90""><path d=""M85.317,4.631 C84.467,3.778 83.086,3.778 82.236,4.631 C82.236,4.631 76.384,10.486 76.384,10.486 C73.936,8.483 70.811,7.278 67.409,7.278 C59.577,7.278 53.207,13.652 53.207,21.488 C53.207,24.891 54.411,28.016 56.412,30.465 C56.412,30.465 53.283,33.594 53.283,33.594 C53.283,33.594 49.578,29.888 49.578,29.888 C47.037,27.346 42.905,27.346 40.364,29.888 C40.364,29.888 39.775,30.477 39.775,30.477 C39.773,30.478 39.771,30.479 39.770,30.480 C39.768,30.482 39.768,30.484 39.766,30.486 C39.766,30.486 33.918,36.336 33.918,36.336 C33.917,36.337 33.916,36.337 33.915,36.338 C33.914,36.339 33.914,36.340 33.913,36.341 C33.913,36.341 29.870,40.386 29.870,40.386 C27.329,42.926 27.329,47.062 29.870,49.602 C29.870,49.602 33.575,53.309 33.575,53.309 C33.575,53.309 30.712,56.175 30.712,56.175 C28.457,54.667 25.750,53.784 22.840,53.784 C15.008,53.784 8.637,60.158 8.637,67.994 C8.637,70.905 9.519,73.613 11.027,75.869 C11.027,75.869 4.624,82.273 4.624,82.273 C3.773,83.123 3.772,84.504 4.623,85.356 C5.048,85.782 5.607,85.995 6.164,85.995 C6.722,85.995 7.280,85.782 7.705,85.356 C7.705,85.356 13.979,79.081 13.979,79.081 C16.411,81.030 19.489,82.203 22.840,82.203 C30.672,82.203 37.044,75.830 37.044,67.994 C37.044,64.641 35.871,61.562 33.923,59.130 C33.923,59.130 36.658,56.393 36.658,56.393 C36.658,56.393 40.364,60.101 40.364,60.101 C41.634,61.371 43.302,62.007 44.971,62.007 C46.640,62.007 48.307,61.371 49.578,60.101 C49.578,60.101 60.072,49.602 60.072,49.602 C62.612,47.062 62.612,42.926 60.072,40.386 C60.072,40.386 56.365,36.677 56.365,36.677 C56.365,36.677 59.661,33.381 59.661,33.381 C61.891,34.841 64.550,35.697 67.409,35.697 C75.241,35.697 81.613,29.324 81.613,21.488 C81.613,18.628 80.757,15.968 79.298,13.736 C79.298,13.736 85.317,7.714 85.317,7.714 C86.169,6.861 86.168,5.481 85.317,4.631 zM49.276,55.323 C43.836,49.636 42.292,46.243 40.922,43.227 C40.078,41.369 39.258,39.591 37.661,37.670 C37.661,37.670 40.968,34.363 40.968,34.363 C42.123,35.820 42.757,37.206 43.507,38.857 C44.929,41.986 46.677,45.833 52.591,52.008 C52.591,52.008 49.276,55.323 49.276,55.323 zM22.840,78.612 C19.716,78.612 16.910,77.245 14.966,75.088 C14.953,75.074 14.949,75.056 14.936,75.042 C14.927,75.034 14.916,75.031 14.907,75.023 C13.245,73.148 12.226,70.690 12.226,67.994 C12.226,62.140 16.988,57.376 22.840,57.376 C28.692,57.376 33.454,62.140 33.454,67.994 C33.454,73.848 28.692,78.612 22.840,78.612 zM42.903,57.562 C42.903,57.562 32.409,47.064 32.409,47.064 C31.268,45.921 31.268,44.067 32.409,42.925 C32.409,42.925 35.113,40.220 35.113,40.220 C36.268,41.678 36.903,43.063 37.653,44.713 C39.072,47.837 40.818,51.676 46.707,57.832 C45.563,58.680 43.940,58.597 42.903,57.562 zM57.533,47.064 C57.533,47.064 55.130,49.467 55.130,49.467 C49.691,43.780 48.146,40.387 46.777,37.371 C45.949,35.547 45.144,33.802 43.607,31.923 C44.034,31.697 44.500,31.571 44.971,31.571 C45.720,31.571 46.469,31.857 47.039,32.426 C47.039,32.426 57.533,42.925 57.533,42.925 C58.674,44.067 58.674,45.921 57.533,47.064 zM67.409,32.106 C61.557,32.106 56.796,27.342 56.796,21.488 C56.796,15.634 61.557,10.870 67.409,10.870 C73.261,10.870 78.023,15.634 78.023,21.488 C78.023,27.342 73.261,32.106 67.409,32.106 z""></path></svg>"
Bœuf,"<svg  width=""90"" height=""90"" viewbox=""0 0 90 90""><path d=""M81.159,39.185 C79.307,41.855 75.116,42.076 70.599,39.967 C70.229,42.606 68.944,45.040 67.789,47.226 C67.369,48.020 66.959,48.794 66.613,49.547 C65.031,52.991 62.988,55.272 60.631,57.815 C60.880,58.011 61.125,58.214 61.343,58.453 C62.368,59.576 62.888,61.042 62.769,62.470 C62.769,62.470 62.776,70.487 62.776,70.487 C62.776,73.598 60.424,76.036 57.381,76.181 C54.689,79.778 49.919,81.993 44.621,81.993 C39.323,81.993 34.554,79.778 31.861,76.181 C28.818,76.036 26.467,73.598 26.467,70.487 C26.467,70.487 26.467,62.321 26.467,62.321 C26.467,60.479 27.305,58.885 28.607,57.845 C26.172,55.194 24.062,52.766 22.481,49.168 C22.143,48.400 21.700,47.585 21.233,46.721 C20.449,45.279 19.599,43.710 19.075,42.036 C13.568,45.029 8.189,45.031 5.954,41.805 C3.386,38.097 6.184,31.966 12.460,27.544 C14.841,25.866 17.378,24.711 19.780,24.196 C19.525,21.963 19.699,19.617 19.926,17.220 C20.018,16.630 20.066,15.580 20.108,14.653 C20.155,13.605 20.200,12.612 20.296,11.932 C20.319,10.940 20.572,9.952 21.050,8.991 C21.795,7.485 23.411,6.707 24.968,7.097 C24.968,7.097 25.792,7.303 25.792,7.303 C25.792,7.303 26.155,8.078 26.155,8.078 C27.332,10.583 29.347,13.746 31.692,15.678 C35.624,13.397 40.068,12.198 44.621,12.198 C49.296,12.198 53.843,13.454 57.846,15.843 C60.190,13.947 62.106,10.726 63.182,8.149 C63.182,8.149 63.530,7.315 63.530,7.315 C63.530,7.315 64.401,7.097 64.401,7.097 C65.959,6.707 67.574,7.485 68.321,8.993 C68.798,9.955 69.051,10.943 69.074,11.934 C69.169,12.610 69.214,13.603 69.262,14.650 C69.303,15.577 69.350,16.630 69.427,17.094 C69.612,19.019 69.838,21.400 69.648,23.706 C71.569,24.231 73.563,25.193 75.414,26.499 C80.981,30.419 83.451,35.874 81.159,39.185 zM44.621,78.375 C47.447,78.375 50.120,77.571 52.171,76.208 C52.171,76.208 51.368,76.208 51.368,76.208 C50.464,76.208 49.703,75.529 49.589,74.625 C49.589,74.705 48.767,73.656 44.790,73.656 C41.053,73.656 40.010,74.603 39.951,74.838 C39.752,75.642 39.035,76.208 38.212,76.208 C38.212,76.208 37.071,76.208 37.071,76.208 C39.123,77.571 41.795,78.375 44.621,78.375 zM30.053,70.487 C30.053,71.706 30.930,72.590 32.140,72.590 C32.140,72.590 37.107,72.590 37.107,72.590 C38.086,71.237 40.239,70.038 44.790,70.038 C49.563,70.038 51.628,71.354 52.515,72.590 C52.515,72.590 57.103,72.590 57.103,72.590 C58.312,72.590 59.190,71.706 59.190,70.487 C59.190,70.487 59.190,62.321 59.190,62.321 C59.231,61.746 59.051,61.284 58.704,60.902 C58.313,60.473 57.777,60.218 57.272,60.218 C57.272,60.218 32.140,60.218 32.140,60.218 C30.930,60.218 30.053,61.102 30.053,62.321 C30.053,62.321 30.053,70.487 30.053,70.487 zM73.360,29.463 C71.394,28.077 69.283,27.177 67.413,26.929 C67.413,26.929 65.517,26.678 65.517,26.678 C65.517,26.678 65.888,24.784 65.888,24.784 C66.305,22.663 66.129,20.259 65.874,17.562 C65.778,17.011 65.730,15.944 65.679,14.814 C65.637,13.889 65.590,12.841 65.513,12.377 C65.513,12.377 65.490,12.081 65.490,12.081 C65.490,11.960 65.481,11.839 65.466,11.716 C64.212,14.115 61.992,17.574 58.861,19.548 C58.861,19.548 57.886,20.162 57.886,20.162 C57.886,20.162 56.926,19.526 56.926,19.526 C53.262,17.097 49.008,15.815 44.621,15.815 C40.341,15.815 36.172,17.046 32.564,19.375 C32.564,19.375 31.587,20.006 31.587,20.006 C31.587,20.006 30.615,19.365 30.615,19.365 C27.531,17.326 25.228,13.889 23.926,11.578 C23.895,11.747 23.880,11.915 23.880,12.081 C23.880,12.081 23.856,12.379 23.856,12.379 C23.779,12.842 23.732,13.892 23.690,14.819 C23.639,15.947 23.590,17.012 23.479,17.689 C23.232,20.347 23.043,23.030 23.609,25.276 C23.609,25.276 24.141,27.386 24.141,27.386 C24.141,27.386 21.986,27.526 21.986,27.526 C19.717,27.673 16.994,28.760 14.514,30.508 C9.894,33.762 7.737,38.063 8.893,39.735 C10.036,41.383 14.748,40.838 19.342,37.630 C19.342,37.630 22.073,35.723 22.073,35.723 C22.073,35.723 22.155,39.072 22.155,39.072 C22.202,40.976 23.308,43.014 24.378,44.985 C24.861,45.875 25.360,46.796 25.759,47.703 C27.225,51.037 29.256,53.240 31.827,56.029 C31.827,56.029 32.352,56.599 32.352,56.599 L56.851,56.599 C56.851,56.599 57.669,55.715 57.669,55.715 C60.056,53.144 61.942,51.113 63.360,48.027 C63.732,47.216 64.172,46.380 64.624,45.525 C65.849,43.205 67.117,40.806 67.117,38.504 C67.117,38.108 67.089,37.719 67.062,37.331 C67.062,37.331 66.805,33.383 66.805,33.383 C66.805,33.383 69.818,35.390 69.818,35.390 C73.828,38.062 77.470,38.195 78.220,37.113 C79.021,35.955 77.527,32.398 73.360,29.463 zM54.236,39.014 C51.907,39.014 50.019,37.110 50.019,34.761 C50.019,32.412 51.907,30.508 54.236,30.508 C56.565,30.508 58.453,32.412 58.453,34.761 C58.453,37.110 56.565,39.014 54.236,39.014 zM35.682,39.014 C33.353,39.014 31.465,37.110 31.465,34.761 C31.465,32.412 33.353,30.508 35.682,30.508 C38.010,30.508 39.898,32.412 39.898,34.761 C39.898,37.110 38.010,39.014 35.682,39.014 zM37.052,61.810 C38.927,61.810 40.447,63.343 40.447,65.234 C40.447,67.125 38.927,68.658 37.052,68.658 C35.177,68.658 33.658,67.125 33.658,65.234 C33.658,63.343 35.177,61.810 37.052,61.810 zM52.233,61.810 C54.107,61.810 55.627,63.343 55.627,65.234 C55.627,67.125 54.107,68.658 52.233,68.658 C50.358,68.658 48.838,67.125 48.838,65.234 C48.838,63.343 50.358,61.810 52.233,61.810 z""></path></svg>"
Champignons,"<svg  width=""90"" height=""90"" viewbox=""0 0 90 90""><path d=""M44.999,50.968 C36.349,50.968 28.259,49.734 22.221,47.495 C12.949,44.055 11.002,39.221 11.002,35.771 C11.002,22.108 26.254,10.991 44.999,10.991 C63.744,10.991 78.996,22.108 78.996,35.771 C78.996,46.269 61.921,50.968 44.999,50.968 zM44.999,14.490 C28.201,14.490 14.535,24.036 14.535,35.771 C14.535,43.369 30.231,47.471 44.999,47.471 C59.768,47.471 75.463,43.369 75.463,35.771 C75.463,24.036 61.797,14.490 44.999,14.490 zM68.775,38.093 C67.050,38.861 64.908,37.846 63.990,35.825 C63.072,33.805 63.726,31.544 65.451,30.775 C67.176,30.007 69.318,31.023 70.236,33.043 C71.154,35.064 70.500,37.324 68.775,38.093 zM54.450,27.534 C52.212,27.534 50.398,26.133 50.398,24.404 C50.398,22.675 52.212,21.274 54.450,21.274 C56.687,21.274 58.501,22.675 58.501,24.404 C58.501,26.133 56.687,27.534 54.450,27.534 zM56.840,38.446 C56.840,40.662 55.026,42.458 52.788,42.458 C50.551,42.458 48.737,40.662 48.737,38.446 C48.737,36.230 50.551,34.434 52.788,34.434 C55.026,34.434 56.840,36.230 56.840,38.446 zM36.175,42.458 C33.938,42.458 32.124,40.662 32.124,38.446 C32.124,36.230 33.938,34.434 36.175,34.434 C38.413,34.434 40.227,36.230 40.227,38.446 C40.227,40.662 38.413,42.458 36.175,42.458 zM34.514,27.534 C32.276,27.534 30.462,26.133 30.462,24.404 C30.462,22.675 32.276,21.274 34.514,21.274 C36.751,21.274 38.565,22.675 38.565,24.404 C38.565,26.133 36.751,27.534 34.514,27.534 zM21.583,38.311 C19.800,37.841 18.821,35.724 19.396,33.583 C19.972,31.442 21.884,30.087 23.668,30.557 C25.451,31.028 26.430,33.144 25.854,35.285 C25.279,37.426 23.366,38.781 21.583,38.311 zM29.449,50.894 C30.373,51.203 30.870,52.195 30.556,53.109 C28.327,59.651 28.472,64.935 30.977,68.387 C33.436,71.782 38.154,73.502 44.999,73.502 C51.886,73.502 56.620,71.791 59.067,68.416 C61.555,64.985 61.684,59.691 59.442,53.109 C59.128,52.195 59.625,51.203 60.550,50.894 C61.476,50.586 62.475,51.077 62.787,51.991 C65.410,59.685 65.115,66.071 61.937,70.456 C58.788,74.799 53.090,77.001 44.999,77.001 C36.952,77.001 31.269,74.789 28.107,70.427 C24.912,66.021 24.602,59.645 27.211,51.991 C27.523,51.079 28.528,50.587 29.449,50.894 z""></path></svg>"
Crustacés,"<svg  width=""90"" height=""90"" viewbox=""0 0 90 90""><path d=""M73.073,47.934 C75.576,50.316 76.585,53.759 75.711,57.017 C74.842,60.278 72.193,62.840 68.886,63.565 C69.914,66.793 69.068,70.280 66.681,72.667 C64.318,75.035 60.859,75.886 57.647,74.894 C54.972,74.063 52.209,73.490 49.433,73.191 C49.433,73.191 36.943,71.845 36.943,71.845 C35.234,71.657 33.562,72.571 32.792,74.116 C32.300,75.095 31.361,75.785 30.283,75.963 C30.099,75.994 29.914,76.007 29.731,76.007 C28.833,76.007 27.957,75.651 27.310,75.005 C27.310,75.005 15.005,62.695 15.005,62.695 C14.226,61.917 13.869,60.805 14.048,59.722 C14.222,58.646 14.911,57.705 15.892,57.213 C17.437,56.441 18.349,54.771 18.164,53.054 C18.164,53.054 16.814,40.539 16.814,40.539 C16.518,37.818 15.931,34.984 15.113,32.345 C14.122,29.137 14.975,25.674 17.341,23.308 C19.727,20.923 23.209,20.077 26.435,21.099 C27.245,17.744 29.719,15.147 32.978,14.274 C36.240,13.397 39.677,14.411 41.959,16.910 C44.337,14.413 47.777,13.401 51.037,14.275 C54.294,15.143 56.770,17.738 57.496,21.046 C60.802,20.075 64.289,20.917 66.676,23.305 C69.060,25.688 69.906,29.175 68.886,32.402 C72.242,33.215 74.841,35.690 75.713,38.951 C76.585,42.213 75.572,45.654 73.073,47.934 zM72.472,39.819 C71.926,37.776 70.294,36.222 68.216,35.766 C67.277,35.561 66.463,34.966 65.984,34.132 C65.505,33.309 65.395,32.307 65.688,31.388 C66.328,29.362 65.799,27.173 64.304,25.679 C62.811,24.182 60.626,23.653 58.599,24.296 C57.676,24.586 56.681,24.472 55.855,23.999 C55.020,23.518 54.425,22.704 54.220,21.766 C53.764,19.690 52.212,18.062 50.171,17.517 C48.123,16.967 45.966,17.604 44.536,19.173 C43.229,20.598 40.771,20.587 39.480,19.172 C38.050,17.604 35.895,16.961 33.846,17.516 C31.804,18.063 30.253,19.693 29.799,21.768 C29.595,22.707 28.999,23.521 28.165,24.000 C27.342,24.480 26.338,24.587 25.422,24.299 C24.852,24.119 24.269,24.029 23.695,24.029 C22.220,24.029 20.788,24.606 19.714,25.682 C18.230,27.165 17.695,29.339 18.318,31.354 C19.198,34.193 19.831,37.246 20.149,40.178 C20.149,40.178 21.499,52.695 21.499,52.695 C21.833,55.798 20.183,58.820 17.395,60.215 C17.395,60.215 29.683,72.631 29.683,72.631 C31.183,69.825 34.189,68.168 37.304,68.509 C37.304,68.509 49.794,69.855 49.794,69.855 C52.782,70.177 55.759,70.794 58.641,71.688 C60.649,72.312 62.828,71.776 64.309,70.294 C65.805,68.797 66.334,66.610 65.690,64.582 C65.690,64.581 65.688,64.581 65.688,64.579 C65.402,63.670 65.510,62.671 65.983,61.840 C66.474,60.995 67.289,60.401 68.226,60.201 C70.298,59.748 71.925,58.195 72.470,56.150 C73.019,54.105 72.384,51.947 70.814,50.513 C70.103,49.866 69.698,48.942 69.701,47.982 C69.698,47.029 70.102,46.106 70.811,45.457 C72.382,44.023 73.019,41.863 72.472,39.819 zM64.043,45.788 C63.967,45.836 63.879,45.885 63.800,45.925 C63.800,45.925 42.884,56.120 42.884,56.120 C42.440,56.338 41.905,56.153 41.687,55.709 C41.486,55.296 41.631,54.806 42.006,54.564 C42.006,54.564 61.540,41.919 61.540,41.919 C62.606,41.226 64.034,41.533 64.726,42.601 C65.417,43.671 65.110,45.095 64.043,45.788 zM57.607,35.640 C57.607,35.640 39.185,52.080 39.185,52.080 C38.815,52.409 38.249,52.377 37.920,52.008 C37.615,51.664 37.620,51.151 37.920,50.815 C37.920,50.815 54.354,32.387 54.354,32.387 C55.201,31.438 56.657,31.354 57.607,32.202 C58.556,33.048 58.640,34.505 57.792,35.455 C57.733,35.519 57.670,35.583 57.607,35.640 zM48.078,28.452 C48.078,28.452 35.438,47.993 35.438,47.993 C35.171,48.409 34.615,48.526 34.200,48.258 C33.816,48.010 33.685,47.516 33.882,47.114 C33.882,47.114 44.074,26.191 44.074,26.191 C44.631,25.046 46.009,24.570 47.154,25.129 C48.298,25.687 48.774,27.067 48.215,28.210 C48.177,28.290 48.126,28.380 48.078,28.452 zM31.681,44.990 C31.577,45.474 31.102,45.785 30.619,45.684 C30.183,45.592 29.888,45.200 29.905,44.770 C29.905,44.770 30.561,28.020 30.561,28.020 C30.609,26.745 31.683,25.753 32.956,25.802 C34.230,25.852 35.222,26.925 35.172,28.199 C35.167,28.327 35.149,28.463 35.124,28.583 C35.124,28.583 31.681,44.990 31.681,44.990 zM45.008,58.322 C45.008,58.322 61.408,54.877 61.408,54.877 C62.655,54.615 63.879,55.415 64.141,56.662 C64.403,57.909 63.604,59.134 62.357,59.396 C62.233,59.423 62.094,59.437 61.971,59.443 C61.971,59.443 45.228,60.098 45.228,60.098 C44.733,60.117 44.315,59.731 44.295,59.236 C44.278,58.792 44.586,58.411 45.008,58.322 z""></path></svg>"
Desserts fruités,"<svg  width=""90"" height=""90"" viewbox=""0 0 90 90""><path d=""M58.771,79.987 C53.284,79.987 48.367,77.492 45.022,73.569 C41.581,77.623 36.588,79.987 31.255,79.987 C21.203,79.987 13.025,71.651 13.025,61.404 C13.025,53.740 20.518,44.039 25.109,44.039 C27.439,44.039 28.755,44.849 29.716,45.439 C29.781,45.479 29.829,45.506 29.888,45.542 C30.365,43.293 31.451,39.381 33.864,34.473 C37.778,26.513 49.943,21.120 50.460,20.894 C51.032,20.643 51.699,20.728 52.197,21.120 C52.694,21.510 52.944,22.145 52.852,22.777 C52.842,22.848 51.854,29.953 55.410,34.104 C58.893,38.166 59.993,42.817 60.340,45.397 C61.289,44.806 62.585,44.039 64.916,44.039 C69.578,44.039 76.999,53.521 76.999,61.404 C76.999,71.651 68.823,79.987 58.771,79.987 zM31.191,49.565 C31.156,49.564 31.120,49.563 31.085,49.560 C31.075,49.559 31.068,49.553 31.058,49.552 C29.659,49.498 28.698,48.931 27.930,48.460 C27.118,47.961 26.476,47.568 25.109,47.568 C23.010,47.568 16.485,54.921 16.485,61.404 C16.485,69.705 23.112,76.459 31.255,76.459 C35.854,76.459 40.145,74.291 42.937,70.607 C42.909,70.558 42.891,70.504 42.864,70.455 C42.519,69.828 42.206,69.182 41.934,68.514 C41.886,68.398 41.851,68.278 41.806,68.161 C41.592,67.603 41.403,67.033 41.242,66.451 C41.183,66.238 41.131,66.024 41.079,65.809 C40.955,65.293 40.855,64.768 40.775,64.235 C40.743,64.026 40.705,63.818 40.681,63.607 C40.596,62.883 40.540,62.151 40.540,61.404 C40.540,60.927 40.574,60.455 40.623,59.986 C40.628,59.943 40.635,59.899 40.641,59.855 C40.948,57.179 41.978,54.684 43.008,52.776 C40.823,49.413 38.370,47.568 37.400,47.568 C35.968,47.568 35.337,47.963 34.538,48.464 C33.750,48.958 32.771,49.572 31.255,49.572 C31.232,49.572 31.214,49.566 31.191,49.565 zM52.804,36.424 C49.897,33.031 49.292,28.442 49.255,25.413 C45.662,27.336 39.312,31.262 36.957,36.054 C35.136,39.756 34.135,42.840 33.591,44.949 C34.468,44.479 35.637,44.039 37.400,44.039 C39.924,44.039 42.811,46.597 45.036,49.621 C47.451,46.360 50.382,44.039 52.624,44.039 C54.624,44.039 55.876,44.636 56.798,45.178 C56.410,42.966 55.406,39.458 52.804,36.424 zM64.916,47.568 C63.485,47.568 62.854,47.963 62.055,48.464 C61.266,48.958 60.287,49.572 58.771,49.572 C57.254,49.572 56.251,48.954 55.447,48.460 C54.635,47.961 53.993,47.568 52.624,47.568 C51.387,47.568 48.617,50.131 46.547,53.558 C46.531,53.588 46.525,53.621 46.508,53.651 C45.312,55.663 44.520,57.691 44.186,59.534 C44.176,59.587 44.167,59.641 44.158,59.694 C44.059,60.286 44.001,60.860 44.001,61.404 C44.001,62.066 44.059,62.720 44.142,63.369 C44.164,63.538 44.190,63.705 44.218,63.872 C44.310,64.439 44.429,65.001 44.585,65.552 C44.607,65.631 44.622,65.713 44.645,65.792 C44.828,66.404 45.060,67.001 45.319,67.587 C45.386,67.736 45.458,67.883 45.529,68.030 C45.774,68.537 46.044,69.032 46.346,69.512 C48.975,73.683 53.557,76.459 58.771,76.459 C66.914,76.459 73.539,69.705 73.539,61.404 C73.539,54.921 67.016,47.568 64.916,47.568 zM37.702,23.835 C36.706,23.835 35.701,23.723 34.705,23.494 C30.115,22.438 26.446,19.150 24.887,14.698 C24.620,13.933 24.898,13.083 25.561,12.634 C29.106,10.240 33.381,9.459 37.597,10.428 C41.629,11.356 45.244,13.990 47.515,17.658 C47.954,18.364 47.844,19.286 47.256,19.866 C44.645,22.443 41.219,23.835 37.702,23.835 zM36.836,13.868 C36.834,13.868 36.834,13.868 36.834,13.868 C34.033,13.224 31.199,13.569 28.717,14.839 C30.077,17.468 32.517,19.375 35.466,20.054 C38.346,20.713 41.341,20.062 43.720,18.301 C41.951,16.068 39.507,14.482 36.836,13.868 z""></path></svg>"
Desserts sucrés,"<svg  width=""90"" height=""90"" viewbox=""0 0 90 90""><path d=""M79.944,37.763 C79.944,37.763 71.106,70.332 71.106,70.332 C70.639,74.462 67.558,82.001 59.020,82.001 C59.020,82.001 30.994,82.001 30.994,82.001 C22.216,82.001 19.265,74.462 18.901,70.308 C18.901,70.308 10.067,37.763 10.067,37.763 C9.858,36.989 10.168,36.168 10.839,35.723 C11.510,35.272 12.396,35.303 13.036,35.788 C13.100,35.836 19.511,40.624 26.423,40.688 C26.466,40.688 26.510,40.688 26.551,40.688 C29.733,40.688 31.814,39.623 34.221,38.392 C36.959,36.992 40.063,35.405 45.007,35.405 C50.086,35.405 53.438,37.030 56.394,38.463 C58.824,39.642 60.922,40.659 63.714,40.688 C69.845,40.748 76.953,35.802 77.026,35.752 C77.674,35.295 78.543,35.291 79.199,35.738 C79.852,36.191 80.152,36.999 79.944,37.763 zM63.824,44.432 C63.774,44.432 63.726,44.432 63.675,44.430 C60.030,44.394 57.337,43.089 54.735,41.826 C51.894,40.449 49.212,39.149 45.007,39.149 C40.980,39.149 38.537,40.397 35.951,41.720 C33.343,43.053 30.649,44.432 26.553,44.432 C26.499,44.432 26.444,44.432 26.388,44.430 C21.965,44.391 17.846,42.809 14.943,41.326 C14.943,41.326 22.591,69.502 22.591,69.502 C22.622,69.619 22.643,69.737 22.651,69.858 C22.717,70.711 23.520,78.255 30.994,78.255 C30.994,78.255 59.020,78.255 59.020,78.255 C66.447,78.255 67.331,70.152 67.366,69.806 C67.376,69.703 67.393,69.601 67.421,69.502 C67.421,69.502 75.091,41.243 75.091,41.243 C72.113,42.764 67.917,44.432 63.824,44.432 zM59.280,73.638 C59.084,74.510 58.303,75.105 57.438,75.105 C57.303,75.105 57.166,75.089 57.027,75.060 C56.011,74.837 55.368,73.836 55.593,72.826 C55.593,72.826 60.946,48.876 60.946,48.876 C61.171,47.868 62.172,47.234 63.199,47.454 C64.215,47.677 64.858,48.678 64.633,49.688 C64.633,49.688 59.280,73.638 59.280,73.638 zM45.007,75.105 C43.964,75.105 43.118,74.266 43.118,73.232 C43.118,73.232 43.118,45.165 43.118,45.165 C43.118,44.131 43.964,43.292 45.007,43.292 C46.049,43.292 46.895,44.131 46.895,45.165 C46.895,45.165 46.895,73.232 46.895,73.232 C46.895,74.266 46.049,75.105 45.007,75.105 zM32.986,75.060 C32.848,75.089 32.711,75.105 32.575,75.105 C31.710,75.105 30.930,74.510 30.734,73.636 C30.734,73.636 25.382,49.688 25.382,49.688 C25.157,48.678 25.800,47.677 26.817,47.454 C27.840,47.234 28.842,47.868 29.069,48.878 C29.069,48.878 34.420,72.826 34.420,72.826 C34.646,73.836 34.002,74.837 32.986,75.060 zM74.123,35.162 C73.157,35.549 72.056,35.099 71.659,34.142 C68.931,27.559 61.154,22.487 51.365,20.908 C50.821,20.821 50.341,20.501 50.054,20.031 C49.768,19.563 49.703,18.994 49.878,18.473 C50.072,17.890 50.165,17.367 50.165,16.877 C50.165,14.046 47.845,11.744 44.993,11.744 C42.138,11.744 39.818,14.046 39.818,16.877 C39.818,17.366 39.914,17.890 40.110,18.480 C40.281,18.999 40.217,19.569 39.931,20.037 C39.645,20.506 39.166,20.826 38.620,20.914 C28.807,22.503 21.032,27.595 18.328,34.201 C18.030,34.928 17.324,35.370 16.579,35.370 C16.341,35.370 16.102,35.326 15.870,35.233 C14.904,34.842 14.437,33.752 14.829,32.794 C17.838,25.445 25.882,19.727 36.075,17.579 C36.054,17.343 36.042,17.109 36.042,16.877 C36.042,11.983 40.058,8.000 44.993,8.000 C49.928,8.000 53.940,11.983 53.940,16.877 C53.940,17.108 53.930,17.340 53.909,17.574 C64.074,19.708 72.117,25.399 75.151,32.718 C75.547,33.675 75.087,34.768 74.123,35.162 z""></path></svg>"
Fromage affiné et à pâte dure,"<svg  width=""90"" height=""90"" viewbox=""0 0 90 90""><path d=""M86.372,75.696 C86.096,76.471 85.369,76.989 84.556,76.989 C84.556,76.989 61.232,76.989 61.232,76.989 C60.419,76.989 59.692,76.471 59.415,75.696 C59.010,74.556 58.804,73.386 58.804,72.214 C58.804,65.617 65.125,60.249 72.894,60.249 C80.663,60.249 86.985,65.617 86.985,72.214 C86.985,73.384 86.779,74.554 86.372,75.696 zM72.894,64.164 C67.254,64.164 62.666,67.776 62.666,72.214 C62.666,72.500 62.687,72.788 62.727,73.073 C62.727,73.073 83.061,73.073 83.061,73.073 C83.102,72.788 83.122,72.500 83.122,72.214 C83.122,67.776 78.534,64.164 72.894,64.164 zM15.295,39.925 C15.295,37.655 17.111,35.815 19.351,35.815 C21.592,35.815 23.408,37.655 23.408,39.925 C23.408,42.196 21.592,44.036 19.351,44.036 C17.111,44.036 15.295,42.196 15.295,39.925 zM27.465,55.418 C27.465,51.301 30.759,47.963 34.822,47.963 C38.885,47.963 42.179,51.301 42.179,55.418 C42.179,59.535 38.885,62.872 34.822,62.872 C30.759,62.872 27.465,59.535 27.465,55.418 zM53.078,47.779 C53.078,45.509 54.895,43.668 57.135,43.668 C59.376,43.668 61.192,45.509 61.192,47.779 C61.192,50.049 59.376,51.890 57.135,51.890 C54.895,51.890 53.078,50.049 53.078,47.779 zM77.177,59.292 C76.111,59.292 75.246,58.415 75.246,57.335 C75.246,57.335 75.246,52.866 75.246,52.866 C71.325,51.836 68.465,48.233 68.465,43.975 C68.465,43.493 68.529,43.018 68.634,42.556 C63.947,41.416 60.248,37.299 59.455,32.312 C59.455,32.312 55.808,32.312 55.808,32.312 L6.887,32.312 L6.887,68.890 C6.887,68.890 55.411,68.890 55.411,68.890 C56.477,68.890 57.342,69.767 57.342,70.848 C57.342,71.928 56.477,72.806 55.411,72.806 C55.411,72.806 4.956,72.806 4.956,72.806 C3.890,72.806 3.025,71.928 3.025,70.848 C3.025,70.848 3.025,30.354 3.025,30.354 C3.025,30.331 3.038,30.312 3.038,30.289 C3.045,30.082 3.072,29.875 3.145,29.676 C3.154,29.651 3.165,29.630 3.174,29.605 C3.178,29.597 3.181,29.589 3.184,29.581 C8.884,14.104 22.208,11.133 22.774,11.013 C23.105,10.943 23.449,10.964 23.770,11.071 C23.770,11.071 65.309,24.929 65.309,24.929 C66.187,25.222 66.737,26.104 66.621,27.034 C66.504,27.963 65.753,28.679 64.831,28.740 C64.830,28.740 63.906,28.819 62.807,29.281 C62.849,29.346 62.870,29.421 62.904,29.490 C62.934,29.552 62.964,29.609 62.987,29.674 C63.068,29.891 63.123,30.117 63.123,30.354 C63.123,35.019 66.849,38.958 71.259,38.958 C71.911,38.958 72.519,39.292 72.875,39.846 C73.232,40.397 73.289,41.095 73.028,41.701 C72.765,42.307 72.327,43.320 72.327,43.975 C72.327,46.786 74.500,49.100 77.274,49.242 C78.302,49.294 79.108,50.153 79.108,51.196 C79.108,51.196 79.108,57.335 79.108,57.335 C79.108,58.415 78.244,59.292 77.177,59.292 zM23.091,14.964 C20.999,15.547 12.619,18.443 7.872,28.396 C7.872,28.396 55.808,28.396 55.808,28.396 C55.808,28.396 58.522,28.396 58.522,28.396 C58.602,28.001 58.789,27.500 59.212,27.016 C59.212,27.016 23.091,14.964 23.091,14.964 z""></path></svg>"
Fromage bleu,"<svg  width=""90"" height=""90"" viewbox=""0 0 90 90""><path d=""M82.026,76.008 C82.026,76.008 8.946,76.008 8.946,76.008 C7.867,76.008 6.991,75.128 6.991,74.044 C6.991,74.044 6.991,33.410 6.991,33.410 C6.991,33.385 7.004,33.364 7.005,33.338 C7.013,33.133 7.040,32.928 7.113,32.730 C7.122,32.706 7.133,32.686 7.141,32.662 C7.146,32.652 7.150,32.642 7.154,32.632 C12.920,17.105 26.402,14.124 26.975,14.003 C27.303,13.934 27.646,13.954 27.964,14.055 C27.964,14.055 82.618,31.540 82.618,31.540 C82.648,31.549 82.670,31.571 82.699,31.582 C82.803,31.621 82.891,31.680 82.986,31.735 C83.104,31.803 83.218,31.870 83.317,31.960 C83.394,32.029 83.455,32.107 83.520,32.188 C83.607,32.296 83.685,32.404 83.748,32.527 C83.794,32.619 83.828,32.711 83.860,32.810 C83.905,32.948 83.932,33.087 83.945,33.233 C83.951,33.295 83.981,33.347 83.981,33.410 C83.981,33.410 83.981,74.044 83.981,74.044 C83.981,75.128 83.105,76.008 82.026,76.008 zM27.305,17.964 C25.203,18.543 16.706,21.440 11.895,31.446 C11.895,31.446 69.447,31.446 69.447,31.446 C69.447,31.446 27.305,17.964 27.305,17.964 zM80.071,35.374 L10.901,35.374 L10.901,72.080 L80.071,72.080 L80.071,35.374 zM15.961,38.432 C15.961,38.308 16.063,38.205 16.187,38.205 C16.311,38.205 18.201,39.974 19.007,40.472 C19.814,40.971 20.981,41.685 21.602,42.059 C21.602,42.059 21.602,42.059 22.278,42.059 C22.730,42.059 22.730,42.059 22.730,42.059 C23.350,41.935 24.681,41.750 25.687,41.649 C25.687,41.649 26.114,41.606 27.016,42.059 C27.919,42.513 27.961,42.942 27.961,42.942 C28.062,43.952 28.955,44.942 29.947,45.142 C29.947,45.142 30.400,45.233 31.528,45.233 C32.431,45.233 32.431,45.233 32.431,45.233 C33.299,45.233 34.619,45.743 35.364,46.366 C35.364,46.366 35.364,46.366 35.138,47.046 C34.913,47.726 33.785,47.953 32.882,47.953 C31.303,47.953 29.983,47.953 29.983,47.953 C28.972,47.953 28.849,49.166 29.160,49.540 C29.470,49.914 27.434,50.447 26.565,50.447 C25.696,50.447 23.051,49.381 22.617,48.633 C22.183,47.885 21.551,46.009 21.489,45.573 C21.427,45.137 21.071,44.575 20.699,44.326 C20.699,44.326 20.699,44.326 20.248,44.099 C18.443,43.193 16.541,41.791 16.541,41.791 C15.726,41.191 14.957,40.597 14.833,40.472 C14.709,40.348 14.811,39.186 15.059,38.999 C15.307,38.812 15.961,38.557 15.961,38.432 zM21.445,59.653 C23.061,59.642 24.844,60.443 26.293,59.621 C26.614,59.295 26.935,58.968 27.419,58.802 C28.063,58.473 28.710,58.469 29.356,58.465 C30.002,58.460 30.972,58.454 31.620,58.775 C32.269,59.095 32.598,60.067 32.280,60.719 C31.477,61.536 29.859,61.222 29.219,62.200 C29.709,63.009 30.843,63.489 31.973,63.319 C32.134,63.156 32.457,63.154 32.780,63.152 C33.103,63.149 33.266,63.311 33.428,63.472 C34.079,64.117 34.569,64.926 35.059,65.735 C35.222,65.896 35.224,66.221 35.063,66.384 C35.063,66.384 34.740,66.386 34.740,66.386 C33.771,66.393 32.801,66.399 31.831,66.405 C31.508,66.408 31.508,66.408 31.185,66.410 C29.892,66.418 28.599,66.426 27.628,66.108 C25.845,65.308 24.698,62.879 22.757,62.567 C22.271,62.408 21.464,62.576 20.818,62.580 C19.527,62.913 18.074,63.085 16.620,63.257 C16.620,63.257 16.458,63.096 16.458,63.096 C16.297,63.259 15.811,63.100 15.648,62.938 C17.254,61.304 19.183,59.668 21.445,59.653 zM45.056,52.561 C44.955,52.114 44.854,51.666 44.976,51.167 C45.048,50.444 45.393,49.895 45.738,49.346 C46.082,48.796 46.600,47.972 47.218,47.596 C47.836,47.220 48.829,47.465 49.203,48.087 C49.455,49.206 49.079,49.303 49.554,50.372 C50.497,50.393 50.751,50.795 51.217,49.747 C51.167,49.523 51.339,49.249 51.512,48.974 C51.684,48.699 51.907,48.649 52.130,48.598 C53.022,48.395 52.126,48.416 53.068,48.438 C53.291,48.387 53.564,48.560 53.614,48.784 C53.614,48.784 53.442,49.059 53.442,49.059 C52.925,49.883 52.407,50.707 51.890,51.531 C51.718,51.805 51.718,51.805 51.545,52.080 C50.855,53.179 57.518,54.362 56.727,55.012 C55.095,56.090 46.928,55.668 45.619,57.142 C45.224,57.467 44.930,58.241 44.585,58.790 C44.168,60.062 43.576,61.289 42.936,62.611 C42.936,62.611 42.926,62.913 42.926,62.913 C42.976,63.137 42.322,63.308 42.099,63.358 C41.594,61.118 41.262,58.604 42.469,56.682 C43.332,55.308 44.963,54.231 45.056,52.561 zM58.729,42.345 C59.631,41.986 60.532,41.627 61.434,41.268 C61.734,41.149 61.734,41.149 62.035,41.029 C63.236,40.551 64.438,40.073 65.459,40.016 C67.409,40.113 69.354,41.959 71.276,41.543 C71.786,41.515 72.478,41.065 73.078,40.826 C74.162,40.045 75.454,39.356 76.747,38.667 C76.747,38.667 76.957,38.758 76.957,38.758 C77.047,38.547 77.558,38.519 77.767,38.610 C76.860,40.718 75.652,42.945 73.549,43.782 C72.046,44.380 70.096,44.283 69.041,45.576 C68.860,45.998 68.679,46.419 68.287,46.749 C67.805,47.291 67.204,47.530 66.603,47.769 C66.002,48.008 65.101,48.367 64.381,48.304 C63.661,48.242 63.003,47.455 63.066,46.732 C63.519,45.678 65.141,45.382 65.385,44.237 C64.636,43.662 63.406,43.627 62.414,44.197 C62.323,44.407 62.023,44.527 61.722,44.647 C61.422,44.766 61.212,44.675 61.002,44.584 C60.163,44.219 59.415,43.644 58.667,43.068 C58.457,42.977 58.338,42.675 58.429,42.465 C58.429,42.465 58.729,42.345 58.729,42.345 zM61.256,62.582 C62.329,62.234 62.726,62.106 62.726,62.106 C63.688,61.794 63.626,60.540 63.301,60.252 C62.976,59.964 64.196,59.009 64.786,58.818 C65.376,58.627 67.499,59.058 68.023,59.674 C68.547,60.290 69.549,61.937 69.725,62.338 C69.900,62.740 70.313,63.196 70.642,63.351 C70.642,63.351 70.642,63.351 71.018,63.467 C72.521,63.933 73.958,64.697 73.958,64.697 C74.851,65.172 75.682,65.635 75.805,65.727 C75.927,65.818 76.213,66.946 76.102,67.179 C75.990,67.411 75.624,67.798 75.662,67.917 C75.700,68.036 75.662,68.155 75.578,68.182 C75.494,68.210 73.669,66.943 72.969,66.646 C72.269,66.349 71.257,65.927 70.721,65.707 C70.721,65.707 70.721,65.707 70.262,65.856 C69.955,65.956 69.955,65.956 69.955,65.956 C69.572,66.211 68.599,66.740 67.794,67.133 C67.794,67.133 67.794,67.133 67.043,66.900 C66.291,66.667 66.133,66.272 66.133,66.272 C65.754,65.330 64.693,64.589 63.774,64.624 C63.774,64.624 63.774,64.624 63.007,64.873 C62.394,65.072 62.394,65.072 62.394,65.072 C61.804,65.263 60.751,65.068 60.055,64.639 C60.055,64.639 60.055,64.639 60.001,63.942 C59.946,63.245 60.643,62.781 61.256,62.582 z""></path></svg>"
Fromage de chèvre,"<svg  width=""90"" height=""90"" viewbox=""0 0 90 90""><path d=""M81.805,36.508 C81.380,24.970 65.642,15.995 45.587,15.995 C25.964,15.995 10.468,23.944 9.271,34.307 C9.102,34.585 8.979,34.893 8.979,35.242 C8.979,35.242 8.979,54.378 8.979,54.378 C8.979,65.365 24.983,73.973 45.412,73.973 C50.709,73.973 55.468,73.460 59.954,72.405 C61.461,72.380 62.441,71.848 62.441,60.346 C62.441,59.648 62.433,58.973 62.422,58.316 C62.422,58.316 80.164,58.316 80.164,58.316 C81.189,58.316 82.020,57.487 82.020,56.466 C82.020,56.466 82.020,37.330 82.020,37.330 C82.020,37.031 81.932,36.759 81.805,36.508 zM45.587,19.696 C62.356,19.696 76.204,26.467 77.947,35.132 C77.947,35.132 45.587,35.132 45.587,35.132 C44.838,35.132 44.163,35.580 43.874,36.268 C43.585,36.956 43.740,37.751 44.266,38.281 C44.266,38.281 56.024,50.138 56.024,50.138 C52.436,50.804 48.937,51.137 45.412,51.137 C27.589,51.137 13.083,44.102 12.885,35.420 C13.083,26.878 27.969,19.696 45.587,19.696 zM58.344,68.977 C54.361,69.848 50.119,70.273 45.412,70.273 C27.676,70.273 12.692,62.995 12.692,54.378 C12.692,54.378 12.692,44.102 12.692,44.102 C18.484,50.706 30.854,55.185 45.525,55.183 C45.890,55.195 46.251,55.200 46.608,55.200 C50.966,55.200 54.782,54.336 58.469,53.450 C58.854,56.994 58.801,66.077 58.344,68.977 zM62.276,54.616 C62.260,54.379 62.246,54.124 62.228,53.908 C62.098,52.328 61.929,50.464 60.837,49.730 C60.837,49.730 50.029,38.832 50.029,38.832 L78.307,38.832 L78.307,54.616 C78.307,54.616 62.276,54.616 62.276,54.616 z""></path></svg>"
Fromage doux et à pâte molle,"<svg  width=""90"" height=""90"" viewbox=""0 0 90 90""><path d=""M80.179,51.136 C81.192,51.187 81.987,52.021 81.987,53.033 C81.987,53.033 81.987,72.110 81.987,72.110 C81.987,73.158 81.134,74.010 80.083,74.010 C80.083,74.010 8.897,74.010 8.897,74.010 C7.846,74.010 6.993,73.158 6.993,72.110 C6.993,72.110 6.993,32.801 6.993,32.801 C6.993,32.777 7.006,32.756 7.007,32.732 C7.014,32.533 7.041,32.335 7.112,32.143 C7.120,32.121 7.131,32.101 7.139,32.078 C7.143,32.068 7.148,32.058 7.152,32.048 C12.770,17.025 25.900,14.142 26.459,14.027 C26.780,13.960 27.111,13.980 27.422,14.077 C27.422,14.077 80.660,30.992 80.660,30.992 C80.689,31.001 80.710,31.023 80.738,31.033 C80.840,31.071 80.925,31.128 81.018,31.181 C81.133,31.247 81.244,31.312 81.341,31.398 C81.416,31.465 81.475,31.541 81.538,31.619 C81.623,31.723 81.699,31.828 81.760,31.947 C81.806,32.036 81.839,32.125 81.870,32.221 C81.914,32.354 81.940,32.488 81.953,32.631 C81.958,32.690 81.987,32.741 81.987,32.801 C81.987,32.801 81.987,39.014 81.987,39.014 C81.987,40.026 81.192,40.860 80.179,40.910 C77.444,41.048 75.302,43.294 75.302,46.023 C75.302,48.753 77.444,50.998 80.179,51.136 zM26.780,17.859 C24.735,18.419 16.456,21.221 11.770,30.901 C11.770,30.901 67.830,30.901 67.830,30.901 C67.830,30.901 26.780,17.859 26.780,17.859 zM78.179,37.392 C78.179,37.392 78.179,34.702 78.179,34.702 L10.801,34.702 L10.801,70.209 L78.179,70.209 C78.179,70.209 78.179,54.654 78.179,54.654 C74.314,53.652 71.494,50.156 71.494,46.023 C71.494,41.889 74.314,38.392 78.179,37.392 zM69.264,68.145 C67.592,68.145 66.237,66.793 66.237,65.124 C66.237,63.456 67.592,62.104 69.264,62.104 C70.935,62.104 72.290,63.456 72.290,65.124 C72.290,66.793 70.935,68.145 69.264,68.145 zM60.328,53.706 C58.119,53.706 56.329,51.919 56.329,49.715 C56.329,47.511 58.119,45.725 60.328,45.725 C62.536,45.725 64.327,47.511 64.327,49.715 C64.327,51.919 62.536,53.706 60.328,53.706 zM38.335,64.367 C34.330,64.367 31.083,61.127 31.083,57.131 C31.083,53.134 34.330,49.894 38.335,49.894 C42.340,49.894 45.586,53.134 45.586,57.131 C45.586,61.127 42.340,64.367 38.335,64.367 zM23.086,46.082 C20.877,46.082 19.087,44.296 19.087,42.092 C19.087,39.888 20.877,38.101 23.086,38.101 C25.294,38.101 27.085,39.888 27.085,42.092 C27.085,44.296 25.294,46.082 23.086,46.082 z""></path></svg>"
Gibier,"<svg  width=""90"" height=""90"" viewbox=""0 0 90 90""><path d=""M76.908,17.041 C76.649,18.636 75.798,20.044 74.507,21.013 C73.441,21.814 72.180,22.234 70.885,22.234 C70.589,22.234 70.292,22.212 69.995,22.168 C69.806,22.140 69.639,22.065 69.480,21.981 C68.862,23.342 68.110,24.653 67.199,25.885 C64.369,29.713 60.438,32.398 55.955,33.666 C56.815,34.243 57.646,34.883 58.429,35.607 C59.236,35.477 60.058,35.391 60.882,35.355 C67.899,35.037 73.307,37.913 73.491,42.045 C73.634,45.253 70.571,48.030 65.719,49.245 C66.048,50.987 66.216,52.774 66.216,54.576 C66.216,58.660 62.540,68.538 59.894,71.537 C59.894,71.537 59.975,71.585 59.975,71.585 C59.710,72.050 53.391,82.999 45.734,82.999 C38.076,82.999 31.757,72.050 31.492,71.585 C31.258,71.183 25.562,61.330 25.562,54.576 C25.562,52.830 25.720,51.093 26.034,49.393 C20.916,48.225 17.584,45.321 17.758,42.004 C17.975,37.872 23.433,35.054 30.415,35.407 C31.359,35.457 32.297,35.569 33.214,35.741 C33.803,35.186 34.423,34.689 35.056,34.219 C28.334,32.651 23.053,27.976 20.471,21.991 C20.319,22.068 20.162,22.142 19.984,22.168 C19.687,22.212 19.389,22.234 19.094,22.234 C17.797,22.234 16.536,21.813 15.468,21.012 C14.178,20.042 13.330,18.635 13.071,17.039 C12.998,16.758 12.998,16.538 12.998,16.396 C12.998,15.483 13.734,14.741 14.640,14.741 C15.527,14.741 16.248,15.449 16.281,16.334 C16.289,16.372 16.296,16.410 16.301,16.448 C16.411,17.217 16.812,17.895 17.430,18.360 C18.017,18.799 18.724,18.982 19.432,18.898 C18.666,15.947 18.500,12.792 19.104,9.603 C19.118,9.532 19.136,9.460 19.159,9.392 C19.212,9.234 19.234,9.101 19.260,8.969 C19.311,8.711 19.365,8.453 19.469,8.143 C19.759,7.276 20.688,6.807 21.548,7.100 C22.407,7.390 22.870,8.328 22.582,9.194 C22.529,9.354 22.505,9.486 22.480,9.620 C22.436,9.842 22.389,10.064 22.311,10.319 C20.533,19.975 26.865,29.316 36.467,31.165 C37.484,31.361 38.496,31.446 39.497,31.464 C38.906,31.103 38.323,30.722 37.761,30.300 C33.244,26.910 30.300,21.962 29.459,16.355 C29.266,15.709 29.266,15.217 29.266,14.738 C29.266,13.825 30.002,13.083 30.908,13.083 C31.815,13.083 32.551,13.825 32.551,14.738 C32.551,15.158 32.552,15.253 32.620,15.457 C32.652,15.551 32.674,15.647 32.688,15.746 C33.377,20.531 35.874,24.758 39.723,27.648 C41.495,28.978 43.452,29.931 45.503,30.514 C51.313,28.511 55.944,23.535 57.223,17.045 C57.236,16.769 57.280,16.525 57.327,16.282 C57.347,16.188 57.372,16.095 57.372,15.983 C57.372,15.070 58.108,14.328 59.015,14.328 C59.921,14.328 60.657,15.070 60.657,15.983 C60.657,16.337 60.606,16.633 60.548,16.928 C60.529,17.022 60.503,17.115 60.503,17.228 C60.503,17.332 60.492,17.436 60.473,17.539 C59.381,23.289 56.072,28.053 51.614,31.109 C51.993,31.078 52.373,31.054 52.753,30.998 C57.505,30.303 61.699,27.787 64.566,23.908 C67.389,20.091 68.570,15.428 67.891,10.776 C67.879,10.697 67.873,10.617 67.873,10.536 C67.873,10.463 67.850,10.386 67.755,10.120 C67.755,10.120 67.650,9.817 67.650,9.817 C67.362,8.951 67.825,8.013 68.684,7.723 C69.543,7.439 70.473,7.899 70.763,8.766 C70.763,8.766 70.845,9.001 70.845,9.001 C70.974,9.364 71.133,9.810 71.155,10.399 C71.561,13.282 71.352,16.161 70.596,18.900 C71.287,18.971 71.975,18.789 72.547,18.360 C73.165,17.896 73.566,17.217 73.678,16.448 C73.684,16.401 73.693,16.355 73.703,16.310 C73.780,15.463 74.485,14.775 75.338,14.775 C75.343,14.775 75.349,14.775 75.353,14.775 C76.254,14.784 76.980,15.489 76.980,16.396 C76.980,16.538 76.980,16.758 76.908,17.041 zM50.184,34.496 C48.626,34.495 47.085,34.307 45.579,33.957 C44.076,34.393 42.517,34.656 40.922,34.743 C38.732,35.555 36.677,36.882 34.905,38.700 C34.504,39.112 33.915,39.283 33.363,39.151 C32.355,38.916 31.303,38.767 30.243,38.711 C29.887,38.692 29.540,38.683 29.201,38.683 C24.229,38.683 21.116,40.636 21.036,42.177 C20.955,43.733 23.825,45.815 28.228,46.435 C28.690,46.501 29.103,46.760 29.362,47.149 C29.623,47.540 29.706,48.023 29.592,48.479 C29.096,50.456 28.845,52.508 28.845,54.576 C28.845,60.429 34.276,69.830 34.332,69.924 C35.888,72.651 40.954,79.689 45.734,79.689 C50.527,79.689 55.584,72.651 57.128,69.938 C57.188,69.833 57.259,69.736 57.337,69.648 C58.251,68.336 62.931,59.795 62.931,54.576 C62.931,52.461 62.673,50.373 62.163,48.373 C62.049,47.922 62.127,47.444 62.379,47.055 C62.633,46.666 63.037,46.402 63.492,46.327 C67.725,45.640 70.277,43.647 70.212,42.194 C70.138,40.548 66.599,38.419 61.029,38.659 C60.082,38.703 59.140,38.820 58.227,39.007 C57.687,39.110 57.131,38.948 56.742,38.557 C54.821,36.629 52.575,35.252 50.184,34.496 zM61.755,53.643 C61.755,55.792 60.027,57.533 57.895,57.533 C55.763,57.533 54.034,55.792 54.034,53.643 C54.034,51.494 55.763,49.752 57.895,49.752 C60.027,49.752 61.755,51.494 61.755,53.643 zM45.888,72.940 C44.046,72.940 40.723,70.682 40.013,69.551 C39.352,68.499 40.154,67.649 41.162,67.649 C42.171,67.649 48.983,67.649 50.150,67.649 C51.316,67.649 52.257,68.712 51.323,69.875 C50.336,71.103 47.731,72.940 45.888,72.940 zM33.997,57.533 C31.865,57.533 30.136,55.792 30.136,53.643 C30.136,51.494 31.865,49.752 33.997,49.752 C36.129,49.752 37.858,51.494 37.858,53.643 C37.858,55.792 36.129,57.533 33.997,57.533 z""></path></svg>"
Mets épicés,"<svg  width=""90"" height=""90"" viewbox=""0 0 90 90""><path d=""M77.484,22.942 C77.484,22.942 69.347,32.296 69.347,32.296 C69.388,32.350 69.433,32.395 69.474,32.450 C77.088,42.869 70.996,49.707 68.394,52.628 C65.685,55.670 59.204,61.420 46.254,65.742 C27.576,71.975 19.158,73.983 15.242,73.983 C13.862,73.983 13.042,73.734 12.526,73.332 C12.198,73.077 12.005,72.684 12.003,72.267 C11.999,71.850 12.186,71.455 12.512,71.195 C12.630,71.101 24.421,61.654 31.242,55.518 C34.601,52.494 38.227,47.437 41.735,42.548 C45.274,37.612 48.616,32.951 51.374,30.917 C55.581,27.812 61.486,26.820 65.991,29.353 C65.991,29.353 73.585,19.149 73.585,19.149 C74.341,18.280 76.420,19.221 77.285,19.981 C78.150,20.740 78.240,22.073 77.484,22.942 zM58.046,30.857 C56.241,31.221 54.477,32.000 52.975,33.108 C50.563,34.889 47.341,39.381 43.930,44.136 C40.339,49.144 36.625,54.323 33.046,57.543 C28.133,61.965 20.680,68.073 16.781,71.237 C20.333,70.792 28.214,68.898 45.402,63.162 C58.218,58.885 64.341,53.102 66.378,50.815 C68.538,48.390 72.266,44.172 69.363,37.601 C69.363,37.601 58.046,30.857 58.046,30.857 zM38.708,43.048 C38.528,43.778 37.795,44.216 37.070,44.042 C36.344,43.861 35.901,43.125 36.081,42.397 C36.093,42.348 37.278,37.502 37.453,34.484 C37.950,25.921 33.547,21.835 30.468,20.040 C32.008,23.864 32.258,29.825 25.822,37.472 C24.583,38.945 24.139,40.432 24.467,42.017 C24.918,44.195 26.770,46.252 28.626,47.715 C27.852,44.222 27.263,38.965 32.001,35.052 C32.578,34.575 33.433,34.660 33.905,35.240 C34.380,35.819 34.297,36.676 33.719,37.153 C29.627,40.532 30.802,45.287 31.580,48.435 C31.790,49.284 31.955,49.954 31.998,50.525 C32.036,51.012 31.811,51.482 31.408,51.756 C31.181,51.911 30.916,51.989 30.650,51.990 C30.446,51.990 30.241,51.942 30.051,51.849 C27.618,50.642 22.767,47.149 21.818,42.571 C21.316,40.146 21.969,37.841 23.756,35.717 C28.416,30.179 29.792,24.934 27.735,20.546 C27.284,19.581 27.494,18.439 28.257,17.704 C29.016,16.967 30.161,16.800 31.101,17.290 C34.748,19.185 40.775,23.960 40.155,34.643 C39.965,37.913 38.759,42.840 38.708,43.048 z""></path></svg>"
N'importe quelle camelote alimentaire fera l'affaire,"<svg  width=""90"" height=""90"" viewbox=""0 0 90 90""><path d=""M81.979,53.156 C81.979,53.156 81.979,53.450 81.979,53.450 C81.979,56.567 79.645,59.139 76.604,59.627 C76.611,59.804 76.598,59.984 76.539,60.161 C73.674,68.694 65.451,73.996 55.079,73.996 C55.079,73.996 35.672,73.996 35.672,73.996 C25.300,73.996 17.077,68.694 14.213,60.161 C14.162,60.009 14.159,59.856 14.157,59.704 C10.744,59.570 8.004,56.828 8.004,53.450 C8.004,53.450 8.004,53.156 8.004,53.156 C8.004,50.141 10.184,47.620 13.080,47.017 C13.080,47.017 13.080,42.068 13.080,42.068 C11.778,41.128 10.741,39.835 10.149,38.292 C9.778,38.375 9.308,38.386 8.845,38.070 C8.115,37.568 8.115,36.704 8.115,36.336 C8.115,36.336 8.115,36.042 8.115,36.042 C8.115,32.666 10.898,29.921 14.333,29.878 C14.323,29.684 14.349,29.486 14.420,29.292 C17.422,21.102 25.566,16.012 35.672,16.012 C35.672,16.012 55.079,16.012 55.079,16.012 C65.185,16.012 73.328,21.102 76.331,29.292 C76.411,29.512 76.426,29.735 76.404,29.953 C79.480,30.357 81.868,32.919 81.868,36.042 C81.868,36.042 81.868,36.336 81.868,36.336 C81.868,36.655 81.868,37.624 80.953,38.019 C80.768,38.099 80.541,38.153 80.271,38.140 C79.751,39.582 78.831,40.811 77.671,41.756 C77.671,41.756 77.671,47.251 77.671,47.251 C80.170,48.108 81.979,50.417 81.979,53.156 zM35.672,70.948 C35.672,70.948 55.079,70.948 55.079,70.948 C63.841,70.948 70.790,66.660 73.382,59.730 C73.382,59.730 17.369,59.730 17.369,59.730 C19.961,66.660 26.910,70.948 35.672,70.948 zM55.079,19.062 C55.079,19.062 35.672,19.062 35.672,19.062 C26.978,19.062 20.246,23.096 17.536,29.870 C17.536,29.870 73.215,29.870 73.215,29.870 C70.505,23.096 63.773,19.062 55.079,19.062 zM77.867,36.360 C77.913,36.118 78.024,35.892 78.190,35.706 C78.440,35.424 78.703,35.251 78.949,35.146 C78.547,33.688 77.184,32.612 75.570,32.612 C75.570,32.612 14.412,32.612 14.412,32.612 C12.684,32.612 11.243,33.847 10.962,35.464 C11.333,35.531 11.737,35.700 12.141,36.043 C12.355,36.225 12.508,36.468 12.579,36.738 C13.229,39.222 15.498,40.956 18.098,40.956 C20.308,40.956 22.340,39.676 23.277,37.693 C23.506,37.209 24.001,36.898 24.546,36.898 C24.546,36.898 25.187,36.898 25.187,36.898 C25.733,36.898 26.228,37.209 26.457,37.693 C27.393,39.676 29.427,40.956 31.636,40.956 C33.846,40.956 35.879,39.676 36.816,37.693 C37.044,37.209 37.540,36.898 38.085,36.898 C38.085,36.898 38.726,36.898 38.726,36.898 C39.271,36.898 39.766,37.209 39.995,37.693 C40.932,39.676 42.965,40.956 45.175,40.956 C47.385,40.956 49.417,39.676 50.354,37.693 C50.583,37.209 51.078,36.898 51.623,36.898 C51.623,36.898 52.264,36.898 52.264,36.898 C52.810,36.898 53.305,37.209 53.534,37.693 C54.471,39.676 56.504,40.956 58.714,40.956 C60.923,40.956 62.956,39.676 63.893,37.693 C64.121,37.209 64.617,36.898 65.162,36.898 C65.162,36.898 65.803,36.898 65.803,36.898 C66.348,36.898 66.844,37.209 67.072,37.693 C68.009,39.676 70.042,40.956 72.252,40.956 C75.010,40.956 77.372,39.024 77.867,36.360 zM16.192,43.461 C16.192,43.461 16.192,46.876 16.192,46.876 L74.559,46.876 C74.559,46.876 74.559,43.367 74.559,43.367 C73.821,43.572 73.051,43.698 72.252,43.698 C69.576,43.698 67.074,42.441 65.483,40.389 C63.891,42.441 61.391,43.698 58.714,43.698 C56.037,43.698 53.536,42.441 51.944,40.389 C50.353,42.441 47.852,43.698 45.175,43.698 C42.499,43.698 39.997,42.441 38.406,40.389 C36.814,42.441 34.314,43.698 31.636,43.698 C28.960,43.698 26.459,42.441 24.867,40.389 C23.276,42.441 20.775,43.698 18.098,43.698 C17.443,43.698 16.810,43.602 16.192,43.461 zM75.570,49.834 C75.570,49.834 14.412,49.834 14.412,49.834 C12.543,49.834 11.023,51.324 11.023,53.156 C11.023,53.156 11.023,53.450 11.023,53.450 C11.023,55.282 12.543,56.772 14.412,56.772 C14.412,56.772 75.570,56.772 75.570,56.772 C77.439,56.772 78.960,55.282 78.960,53.450 C78.960,53.450 78.960,53.156 78.960,53.156 C78.960,51.324 77.439,49.834 75.570,49.834 zM31.407,22.996 C32.586,22.996 33.541,23.932 33.541,25.087 C33.541,26.242 32.586,27.178 31.407,27.178 C30.228,27.178 29.273,26.242 29.273,25.087 C29.273,23.932 30.228,22.996 31.407,22.996 zM37.262,20.128 C38.440,20.128 39.396,21.064 39.396,22.219 C39.396,23.374 38.440,24.310 37.262,24.310 C36.083,24.310 35.127,23.374 35.127,22.219 C35.127,21.064 36.083,20.128 37.262,20.128 zM48.971,22.996 C50.149,22.996 51.105,23.932 51.105,25.087 C51.105,26.242 50.149,27.178 48.971,27.178 C47.792,27.178 46.836,26.242 46.836,25.087 C46.836,23.932 47.792,22.996 48.971,22.996 zM62.143,21.562 C63.322,21.562 64.278,22.498 64.278,23.653 C64.278,24.808 63.322,25.744 62.143,25.744 C60.964,25.744 60.009,24.808 60.009,23.653 C60.009,22.498 60.964,21.562 62.143,21.562 zM65.070,65.899 C63.891,65.899 62.936,64.963 62.936,63.808 C62.936,62.652 63.891,61.716 65.070,61.716 C66.249,61.716 67.205,62.652 67.205,63.808 C67.205,64.963 66.249,65.899 65.070,65.899 zM48.971,70.201 C47.792,70.201 46.836,69.265 46.836,68.110 C46.836,66.955 47.792,66.019 48.971,66.019 C50.149,66.019 51.105,66.955 51.105,68.110 C51.105,69.265 50.149,70.201 48.971,70.201 zM34.334,65.899 C33.155,65.899 32.200,64.963 32.200,63.808 C32.200,62.652 33.155,61.716 34.334,61.716 C35.513,61.716 36.469,62.652 36.469,63.808 C36.469,64.963 35.513,65.899 34.334,65.899 zM27.016,67.333 C25.837,67.333 24.882,66.397 24.882,65.242 C24.882,64.087 25.837,63.150 27.016,63.150 C28.195,63.150 29.151,64.087 29.151,65.242 C29.151,66.397 28.195,67.333 27.016,67.333 z""></path></svg>"
Poisson gras,"<svg  width=""90"" height=""90"" viewbox=""0 0 90 90""><path d=""M84.730,55.910 C80.765,60.022 74.322,63.066 66.865,64.548 C66.842,64.551 66.823,64.565 66.800,64.567 C66.784,64.569 66.769,64.569 66.754,64.569 C63.695,65.170 60.471,65.516 57.172,65.554 C57.141,65.554 57.010,65.550 56.971,65.549 C55.263,65.467 53.508,65.382 51.812,65.230 C50.648,66.899 48.906,68.454 46.875,69.611 C44.344,71.142 41.538,71.987 39.141,71.987 C38.417,71.987 37.732,71.910 37.102,71.750 C35.620,71.380 34.477,70.577 33.795,69.431 C32.436,66.937 33.331,63.669 35.931,60.842 C31.578,58.668 28.391,55.901 26.615,52.734 C26.615,52.734 26.436,52.559 26.436,52.559 C25.526,51.669 24.347,50.948 23.113,50.502 C22.377,52.220 21.267,53.937 19.753,55.707 C16.704,59.221 12.809,61.535 9.580,61.757 C7.889,61.867 6.428,61.426 5.333,60.471 C2.089,57.631 3.215,51.349 7.930,45.752 C2.548,40.983 0.498,35.057 3.141,31.671 C6.090,28.291 12.571,29.336 18.283,34.015 C19.985,35.440 21.344,36.937 22.340,38.484 C24.905,38.772 27.536,37.843 29.410,37.039 C32.712,33.573 37.639,30.834 43.541,29.155 C41.408,26.466 40.840,23.665 42.141,21.527 C42.758,20.433 43.856,19.619 45.288,19.233 C47.973,18.500 51.690,19.312 55.240,21.386 C57.973,23.081 60.031,25.188 61.095,27.330 C71.392,27.948 80.341,31.405 85.203,36.684 C87.820,39.526 89.126,42.805 88.978,46.169 C89.067,49.521 87.597,52.935 84.730,55.910 zM62.028,31.222 C61.265,31.158 60.498,31.104 59.721,31.075 C58.912,31.044 58.211,30.505 57.973,29.730 C57.461,28.053 55.704,26.153 53.277,24.648 C50.356,22.941 47.653,22.537 46.282,22.907 C45.851,23.024 45.562,23.208 45.424,23.453 C44.861,24.378 45.889,26.620 48.473,28.726 C49.043,29.190 49.295,29.942 49.120,30.655 C48.945,31.371 48.375,31.920 47.655,32.067 C40.870,33.459 35.288,36.243 31.936,39.911 C31.760,40.105 31.543,40.259 31.303,40.365 C29.013,41.380 25.543,42.674 21.921,42.268 C21.723,42.256 21.499,42.225 21.277,42.183 C20.585,42.142 19.858,41.789 19.519,41.175 C18.735,39.760 17.468,38.298 15.854,36.948 C11.496,33.377 7.146,32.871 6.075,34.095 C5.141,35.295 6.395,39.382 10.707,43.129 C10.908,43.321 11.050,43.409 11.185,43.503 C11.496,43.720 11.802,43.944 12.069,44.206 C12.816,44.941 12.830,46.141 12.099,46.893 C12.099,46.893 10.970,48.049 10.970,48.049 C7.354,52.218 6.671,56.583 7.839,57.605 C8.157,57.885 8.652,58.011 9.318,57.958 C11.542,57.806 14.505,55.947 16.870,53.222 C18.526,51.286 19.576,49.477 20.075,47.708 C20.309,46.875 21.066,46.319 21.905,46.319 C22.008,46.319 22.111,46.328 22.216,46.345 C24.746,46.761 27.251,48.033 29.094,49.833 C29.094,49.833 29.475,50.207 29.475,50.207 C29.616,50.343 29.735,50.502 29.828,50.677 C31.459,53.745 35.106,56.538 40.097,58.541 C40.739,58.798 41.192,59.384 41.277,60.069 C41.363,60.755 41.071,61.435 40.513,61.843 C37.473,64.069 36.580,66.587 37.102,67.550 C37.258,67.807 37.695,67.975 38.027,68.058 C39.454,68.415 42.148,68.020 44.948,66.329 C46.830,65.255 48.378,63.770 49.130,62.334 C49.494,61.640 50.239,61.246 51.029,61.325 C52.969,61.545 55.095,61.647 57.153,61.745 C59.703,61.716 62.201,61.496 64.592,61.108 C64.592,61.108 62.028,31.222 62.028,31.222 zM82.404,39.264 C79.033,35.604 72.986,32.894 65.891,31.707 C65.891,31.707 68.348,60.339 68.348,60.339 C74.075,58.907 78.924,56.448 81.990,53.267 C84.165,51.010 85.237,48.610 85.175,46.132 C85.280,43.641 84.348,41.375 82.404,39.264 zM72.175,48.624 C70.278,46.770 70.244,43.729 72.097,41.831 C73.951,39.934 76.991,39.899 78.887,41.753 C80.784,43.608 80.818,46.649 78.965,48.546 C77.111,50.444 74.071,50.478 72.175,48.624 z""></path></svg>"
Poisson maigre,"<svg  width=""90"" height=""90"" viewbox=""0 0 90 90""><path d=""M70.876,38.325 C70.864,38.335 70.861,38.351 70.849,38.361 C70.844,38.366 70.837,38.367 70.832,38.372 C68.516,40.884 65.888,43.420 63.003,45.875 C62.989,45.886 62.885,45.969 62.871,45.980 C61.411,47.135 59.907,48.326 58.413,49.411 C58.136,50.979 57.328,52.861 56.170,54.600 C54.078,58.163 50.396,61.971 47.491,62.219 C47.083,62.245 46.657,62.118 46.343,61.839 C46.028,61.561 45.842,61.168 45.826,60.749 C45.826,60.749 45.700,57.234 45.700,57.234 C41.320,59.258 38.020,60.113 35.486,59.926 C35.377,59.961 35.247,59.994 35.101,60.009 C34.016,60.248 32.528,60.898 31.050,61.769 C31.131,62.960 30.909,64.435 30.377,66.298 C28.922,71.309 25.303,75.888 22.100,76.797 C21.719,76.942 21.416,76.980 21.124,76.980 C21.008,76.980 20.894,76.974 20.777,76.966 C20.338,76.936 19.932,76.718 19.664,76.370 C19.396,76.023 19.292,75.577 19.377,75.145 C19.377,75.145 21.169,66.044 21.169,66.044 C18.557,66.282 13.972,66.727 10.751,67.188 C10.225,67.271 9.709,67.066 9.366,66.670 C9.025,66.272 8.910,65.727 9.064,65.227 C10.106,61.842 15.769,58.592 20.567,57.253 C22.290,56.720 23.911,56.472 25.399,56.488 C25.440,56.453 25.489,56.412 25.548,56.360 C27.582,54.808 29.328,52.978 31.105,50.549 C32.480,46.759 35.362,42.345 39.497,37.676 C39.497,37.676 36.558,36.777 36.558,36.777 C36.139,36.648 35.795,36.347 35.613,35.951 C35.431,35.553 35.428,35.098 35.604,34.698 C36.745,32.118 40.894,29.500 44.498,28.050 C47.310,26.943 49.543,26.522 51.149,26.779 C60.998,18.978 70.701,14.387 76.021,15.061 C77.640,15.265 78.885,15.917 79.726,16.998 C80.661,18.022 81.090,19.392 80.999,21.073 C80.770,25.366 76.923,31.757 70.876,38.325 zM52.474,29.641 C52.038,29.991 51.445,30.080 50.928,29.866 C50.316,29.618 48.564,29.738 45.638,30.889 C43.066,31.923 40.883,33.323 39.587,34.504 C39.587,34.504 42.712,35.459 42.712,35.459 C43.219,35.615 43.609,36.018 43.745,36.528 C43.880,37.038 43.743,37.583 43.381,37.968 C38.567,43.079 35.298,47.854 33.927,51.771 C33.878,51.912 33.809,52.042 33.723,52.163 C31.720,54.929 29.741,57.013 27.495,58.723 C27.256,58.936 26.866,59.249 26.395,59.446 C26.176,59.536 25.939,59.578 25.702,59.560 C24.467,59.477 23.039,59.689 21.437,60.186 C18.429,61.025 15.885,62.386 14.192,63.674 C18.370,63.202 22.701,62.838 22.941,62.817 C22.983,62.814 23.027,62.811 23.069,62.811 C23.503,62.811 23.919,62.995 24.213,63.321 C24.534,63.678 24.668,64.165 24.575,64.636 C24.575,64.636 22.963,72.818 22.963,72.818 C24.658,71.335 26.533,68.530 27.426,65.455 C28.101,63.088 28.056,61.970 27.899,61.450 C27.702,60.800 27.960,60.099 28.531,59.728 C30.681,58.333 32.888,57.336 34.587,56.992 C34.592,56.992 34.596,56.991 34.600,56.989 C34.789,56.916 35.066,56.822 35.439,56.850 C37.807,57.132 41.481,55.981 46.453,53.466 C46.920,53.232 47.472,53.247 47.928,53.513 C48.379,53.778 48.663,54.253 48.682,54.776 C48.682,54.776 48.815,58.426 48.815,58.426 C50.201,57.458 52.038,55.582 53.567,52.983 C54.870,51.020 55.384,49.331 55.442,48.459 C55.473,48.001 55.707,47.581 56.083,47.316 C57.692,46.172 59.353,44.858 60.961,43.586 C63.483,41.442 65.724,39.304 67.701,37.228 C67.701,37.228 57.272,26.027 57.272,26.027 C55.727,27.115 54.129,28.308 52.474,29.641 zM77.433,19.034 C77.392,18.990 77.352,18.944 77.317,18.896 C76.990,18.458 76.440,18.197 75.636,18.095 C72.736,17.726 67.080,19.597 59.838,24.286 C59.838,24.286 69.778,34.963 69.778,34.963 C74.983,29.028 77.777,23.836 77.933,20.910 C77.978,20.062 77.811,19.431 77.433,19.034 zM65.708,25.331 C65.822,23.613 67.313,22.313 69.037,22.427 C70.761,22.541 72.067,24.025 71.952,25.743 C71.838,27.460 70.348,28.760 68.623,28.646 C66.899,28.532 65.594,27.048 65.708,25.331 z""></path></svg>"
Porc,"<svg  width=""90"" height=""90"" viewbox=""0 0 90 90""><path d=""M71.493,51.136 C71.493,51.305 71.485,51.472 71.475,51.638 C72.970,53.978 73.837,56.674 73.988,59.471 C73.990,67.836 67.292,74.572 59.060,74.572 C58.466,74.572 57.847,74.527 57.210,74.437 C56.172,74.964 55.081,75.424 53.957,75.812 C51.749,77.872 48.881,79.003 45.839,79.003 C42.983,79.003 40.309,78.004 38.083,76.111 C36.702,75.694 35.356,75.162 34.073,74.525 C33.685,74.554 33.298,74.572 32.911,74.572 C24.678,74.572 17.980,67.836 17.980,59.557 C17.980,57.117 18.545,54.787 19.660,52.626 C19.623,52.099 19.597,51.622 19.597,51.136 C19.597,45.042 21.737,39.122 25.630,34.434 C26.045,33.303 26.553,32.213 27.146,31.177 C25.335,27.287 23.898,23.452 24.776,19.478 C25.430,16.349 27.572,13.826 29.710,11.511 C30.108,11.079 30.711,10.905 31.279,11.069 C31.843,11.229 32.270,11.694 32.386,12.271 C32.457,12.629 32.528,12.952 32.599,13.274 C32.675,13.617 32.750,13.959 32.826,14.340 C32.826,14.340 32.863,14.530 32.863,14.530 C32.982,15.135 33.104,15.761 33.368,16.204 C33.769,16.805 34.456,17.374 35.183,17.977 C35.654,18.366 36.113,18.750 36.512,19.151 C37.242,19.885 37.838,20.793 38.251,21.777 C42.903,20.050 48.057,20.034 52.714,21.729 C53.126,20.763 53.715,19.871 54.429,19.152 C54.830,18.750 55.288,18.366 55.759,17.977 C56.487,17.374 57.174,16.805 57.613,16.140 C57.838,15.761 57.961,15.135 58.079,14.530 C58.079,14.530 58.116,14.340 58.116,14.340 C58.192,13.956 58.269,13.610 58.346,13.262 C58.416,12.945 58.486,12.626 58.557,12.271 C58.672,11.694 59.100,11.229 59.664,11.068 C60.230,10.912 60.834,11.079 61.233,11.511 C63.371,13.828 65.513,16.352 66.170,19.496 C67.038,23.423 65.576,27.334 63.863,31.033 C64.488,32.107 65.023,33.247 65.459,34.434 C69.352,39.122 71.493,45.042 71.493,51.136 zM60.681,30.456 C62.374,26.882 63.835,23.407 63.118,20.159 C62.810,18.685 61.985,17.302 60.963,15.986 C60.821,16.576 60.614,17.212 60.253,17.819 C59.516,18.933 58.575,19.712 57.745,20.400 C57.354,20.725 56.970,21.040 56.638,21.373 C55.931,22.084 55.422,23.079 55.245,24.102 C55.161,24.583 54.862,24.995 54.434,25.222 C54.005,25.450 53.498,25.464 53.057,25.261 C48.237,23.048 42.726,23.065 37.909,25.321 C37.466,25.527 36.952,25.516 36.519,25.285 C36.087,25.056 35.786,24.636 35.708,24.150 C35.542,23.127 35.017,22.090 34.304,21.373 C33.972,21.040 33.588,20.725 33.198,20.400 C32.368,19.712 31.426,18.933 30.729,17.883 C30.341,17.232 30.125,16.580 29.979,15.984 C28.958,17.297 28.135,18.678 27.828,20.142 C27.105,23.417 28.597,26.951 30.325,30.590 C30.557,31.077 30.524,31.650 30.236,32.106 C29.520,33.244 28.927,34.472 28.475,35.756 C28.412,35.938 28.316,36.105 28.191,36.252 C24.663,40.407 22.720,45.693 22.720,51.136 C22.720,51.680 22.761,52.213 22.800,52.746 C22.822,53.053 22.763,53.464 22.614,53.733 C21.612,55.539 21.104,57.498 21.104,59.557 C21.104,66.103 26.400,71.429 32.911,71.429 C33.350,71.429 33.790,71.402 34.231,71.360 C34.280,71.354 34.330,71.352 34.380,71.352 C34.629,71.352 34.875,71.412 35.096,71.528 C36.422,72.214 37.829,72.774 39.278,73.189 C39.505,73.254 39.714,73.371 39.890,73.529 C41.588,75.055 43.645,75.861 45.839,75.861 C48.180,75.861 50.379,74.958 52.032,73.316 C52.204,73.146 52.414,73.018 52.643,72.943 C53.890,72.532 55.091,72.019 56.215,71.419 C56.521,71.258 56.873,71.200 57.214,71.261 C57.860,71.373 58.481,71.429 59.060,71.429 C65.571,71.429 70.867,66.103 70.867,59.557 C70.740,57.240 69.956,54.930 68.601,52.964 C68.408,52.684 68.310,52.348 68.324,52.007 C68.324,52.007 68.347,51.595 68.347,51.595 C68.358,51.442 68.370,51.290 68.370,51.136 C68.370,45.693 66.426,40.407 62.899,36.252 C62.774,36.105 62.678,35.938 62.614,35.756 C62.142,34.417 61.524,33.147 60.778,31.982 C60.484,31.523 60.448,30.946 60.681,30.456 zM45.545,69.695 C37.831,69.695 31.790,65.372 31.790,59.852 C31.790,54.333 37.831,50.009 45.545,50.009 C53.257,50.009 59.299,54.333 59.299,59.852 C59.299,65.372 53.257,69.695 45.545,69.695 zM45.545,53.151 C39.782,53.151 34.913,56.220 34.913,59.852 C34.913,63.485 39.782,66.553 45.545,66.553 C51.308,66.553 56.176,63.485 56.176,59.852 C56.176,56.220 51.308,53.151 45.545,53.151 zM50.099,63.841 C49.125,63.841 48.336,62.121 48.336,60.000 C48.336,57.879 49.125,56.159 50.099,56.159 C51.072,56.159 51.861,57.879 51.861,60.000 C51.861,62.121 51.072,63.841 50.099,63.841 zM40.991,63.841 C40.017,63.841 39.228,62.121 39.228,60.000 C39.228,57.879 40.017,56.159 40.991,56.159 C41.964,56.159 42.753,57.879 42.753,60.000 C42.753,62.121 41.964,63.841 40.991,63.841 zM53.771,47.886 C52.311,47.886 51.127,46.696 51.127,45.227 C51.127,43.759 52.311,42.568 53.771,42.568 C55.232,42.568 56.416,43.759 56.416,45.227 C56.416,46.696 55.232,47.886 53.771,47.886 zM38.052,47.886 C36.592,47.886 35.408,46.696 35.408,45.227 C35.408,43.759 36.592,42.568 38.052,42.568 C39.513,42.568 40.697,43.759 40.697,45.227 C40.697,46.696 39.513,47.886 38.052,47.886 z""></path></svg>"
Pâtes,"<svg  width=""90"" height=""90"" viewbox=""0 0 90 90""><path d=""M79.703,32.137 C79.703,32.137 77.324,34.488 77.324,34.488 L74.903,32.095 C74.903,32.095 77.281,29.744 77.281,29.744 C77.492,29.536 77.579,29.316 77.580,28.987 C77.580,28.674 77.493,28.456 77.279,28.245 C77.069,28.037 76.855,27.949 76.544,27.949 C76.224,27.923 75.975,28.032 75.763,28.242 C75.763,28.242 73.383,30.593 73.383,30.593 L70.962,28.198 C70.962,28.198 73.341,25.849 73.341,25.849 C74.189,25.009 75.290,24.564 76.524,24.564 C76.533,24.564 76.543,24.564 76.553,24.564 C77.756,24.564 78.847,25.009 79.700,25.850 C80.554,26.696 81.003,27.781 81.004,28.994 C80.998,30.217 80.548,31.300 79.703,32.137 zM69.447,26.701 L67.025,24.309 C67.025,24.309 69.403,21.957 69.403,21.957 C69.612,21.750 69.701,21.523 69.704,21.196 C69.703,20.887 69.616,20.669 69.405,20.459 C68.981,20.041 68.311,20.035 67.884,20.454 C67.884,20.454 65.506,22.804 65.506,22.804 L63.086,20.409 C63.086,20.409 65.464,18.060 65.464,18.060 C66.312,17.223 67.408,16.778 68.635,16.774 C69.874,16.775 70.974,17.223 71.825,18.066 C72.674,18.904 73.125,19.989 73.127,21.204 C73.120,22.432 72.669,23.516 71.824,24.350 C71.824,24.350 69.447,26.701 69.447,26.701 zM61.569,18.912 L59.148,16.517 C59.148,16.517 61.527,14.168 61.527,14.168 C61.736,13.961 61.822,13.742 61.822,13.415 C61.824,13.096 61.734,12.874 61.523,12.666 C61.106,12.252 60.430,12.247 60.008,12.666 C60.008,12.666 57.631,15.017 57.631,15.017 L55.209,12.625 C55.209,12.625 57.587,10.273 57.587,10.273 C58.431,9.438 59.527,8.991 60.755,8.985 C61.995,8.987 63.093,9.431 63.943,10.271 C64.801,11.120 65.252,12.210 65.246,13.424 C65.246,14.633 64.798,15.721 63.949,16.561 C63.949,16.561 61.569,18.912 61.569,18.912 zM76.708,38.742 C76.374,39.072 75.936,39.238 75.498,39.238 C75.060,39.238 74.622,39.072 74.288,38.742 C74.288,38.742 51.694,16.402 51.694,16.402 C51.025,15.741 51.025,14.668 51.694,14.008 C52.362,13.348 53.446,13.348 54.114,14.008 C54.114,14.008 76.708,36.348 76.708,36.348 C77.378,37.009 77.378,38.082 76.708,38.742 zM72.608,39.477 C73.734,40.165 74.957,41.072 75.941,42.313 C77.376,44.121 77.970,46.293 77.570,48.273 C76.987,51.164 74.449,53.417 70.425,54.617 C69.782,54.808 69.126,54.978 68.468,55.147 C66.527,55.645 64.692,56.116 63.340,57.192 C61.798,58.419 60.833,60.546 60.693,63.028 C60.586,64.908 61.271,67.128 62.750,67.545 C63.659,67.802 64.187,68.738 63.928,69.637 C63.714,70.381 63.027,70.867 62.282,70.867 C62.127,70.867 61.969,70.845 61.813,70.801 C58.419,69.847 57.088,66.115 57.274,62.838 C57.469,59.402 58.898,56.384 61.194,54.555 C63.119,53.023 65.401,52.437 67.607,51.871 C68.221,51.713 68.835,51.556 69.435,51.377 C70.720,50.992 73.759,49.859 74.213,47.610 C74.413,46.615 74.053,45.416 73.248,44.403 C72.523,43.490 71.489,42.698 69.890,41.832 C69.416,41.576 69.140,41.126 69.052,40.639 C69.052,40.639 47.373,19.204 47.373,19.204 C46.704,18.543 46.704,17.470 47.373,16.810 C48.041,16.150 49.125,16.150 49.793,16.810 C49.793,16.810 72.388,39.150 72.388,39.150 C72.486,39.246 72.539,39.366 72.608,39.477 zM52.662,30.719 C52.662,30.719 54.875,28.531 54.875,28.531 L57.296,30.924 C57.296,30.924 55.081,33.113 55.081,33.113 C54.228,33.955 53.130,34.401 51.903,34.401 C50.674,34.401 49.575,33.955 48.723,33.112 C47.872,32.271 47.421,31.184 47.421,29.969 C47.423,28.753 47.873,27.666 48.724,26.827 C48.724,26.827 50.937,24.639 50.937,24.639 L53.359,27.032 C53.359,27.032 51.144,29.221 51.144,29.221 C50.932,29.431 50.845,29.648 50.845,29.971 C50.845,30.291 50.933,30.509 51.145,30.719 C51.569,31.142 52.234,31.139 52.662,30.719 zM59.776,38.803 C60.106,38.802 60.326,38.718 60.539,38.508 C60.539,38.508 62.751,36.320 62.751,36.320 L65.173,38.713 C65.173,38.713 62.958,40.902 62.958,40.902 C62.107,41.744 61.007,42.188 59.779,42.188 C59.776,42.188 59.772,42.188 59.769,42.188 C58.549,42.188 57.452,41.742 56.601,40.901 C55.749,40.059 55.298,38.973 55.298,37.758 C55.300,36.544 55.750,35.457 56.599,34.616 C56.599,34.616 58.814,32.426 58.814,32.426 L61.235,34.819 C61.235,34.819 59.021,37.009 59.021,37.009 C58.809,37.219 58.722,37.436 58.722,37.760 C58.722,38.080 58.809,38.296 59.020,38.506 C59.234,38.718 59.487,38.764 59.776,38.803 zM49.418,23.137 C49.418,23.137 43.665,28.825 43.665,28.825 C43.137,30.361 44.069,37.564 44.669,38.812 C44.669,38.812 45.189,39.892 45.189,39.892 L44.337,40.742 C44.337,40.742 13.496,71.235 13.496,71.235 C12.757,71.966 12.398,72.848 12.400,73.930 C12.400,75.008 12.739,75.850 13.468,76.589 C14.183,77.279 15.037,77.614 16.124,77.614 C17.225,77.626 18.113,77.262 18.853,76.531 C18.853,76.531 50.554,45.189 50.554,45.189 C50.554,45.189 51.648,45.712 51.648,45.712 C52.920,46.275 59.575,46.547 60.897,45.942 C60.897,45.942 66.691,40.215 66.691,40.215 L69.112,42.608 C69.112,42.608 63.237,48.416 63.237,48.416 C61.462,50.173 54.522,49.786 51.411,49.128 C51.411,49.128 21.274,78.926 21.274,78.926 C19.881,80.302 18.153,80.999 16.138,81.000 C16.132,81.000 16.126,81.000 16.121,81.000 C14.141,81.000 12.433,80.321 11.046,78.982 C9.663,77.581 8.976,75.892 8.976,73.933 C8.973,71.935 9.679,70.221 11.076,68.840 C11.076,68.840 41.192,39.064 41.192,39.064 C40.381,35.939 39.228,28.424 41.124,26.550 C41.124,26.550 46.997,20.744 46.997,20.744 L49.418,23.137 z""></path></svg>"
Veau,"<svg  width=""90"" height=""90"" viewbox=""0 0 90 90""><path d=""M78.031,31.177 C75.726,32.526 72.656,33.351 69.387,33.498 C68.081,33.560 66.785,33.506 65.541,33.344 C65.823,34.997 65.966,36.674 65.966,38.358 C65.966,40.110 64.717,42.047 63.510,43.920 C62.877,44.902 62.088,46.126 61.956,46.699 C61.380,49.199 60.687,51.369 59.853,53.278 C60.329,53.557 60.781,53.887 61.166,54.309 C62.155,55.392 62.657,56.804 62.542,58.182 C62.542,58.182 62.549,65.909 62.549,65.909 C62.549,68.909 60.280,71.258 57.344,71.398 C54.747,74.865 50.146,77.001 45.036,77.001 C39.925,77.001 35.324,74.865 32.727,71.398 C29.791,71.258 27.523,68.909 27.523,65.909 C27.523,65.909 27.523,58.038 27.523,58.038 C27.523,56.307 28.292,54.806 29.492,53.802 C28.550,51.768 27.770,49.436 27.139,46.701 C27.006,46.124 26.218,44.902 25.585,43.919 C24.378,42.047 23.130,40.110 23.130,38.358 C23.130,36.693 23.268,35.037 23.542,33.407 C22.249,33.575 20.893,33.623 19.527,33.552 C16.259,33.379 13.196,32.532 10.900,31.166 C8.259,29.594 6.869,27.486 6.987,25.231 C7.104,22.976 8.705,21.027 11.496,19.743 C13.923,18.627 17.062,18.101 20.323,18.280 C23.677,18.457 26.827,19.365 29.117,20.776 C33.146,15.811 38.685,12.999 44.548,12.999 C50.350,12.999 55.853,15.769 59.876,20.659 C62.177,19.262 65.339,18.375 68.701,18.221 C76.075,17.874 81.792,20.915 81.988,25.271 C82.089,27.528 80.684,29.624 78.031,31.177 zM45.036,73.513 C47.762,73.513 50.340,72.738 52.319,71.425 C52.319,71.425 51.544,71.425 51.544,71.425 C50.672,71.425 49.938,70.770 49.828,69.898 C49.829,69.980 49.035,68.965 45.198,68.965 C41.594,68.965 40.587,69.877 40.531,70.103 C40.339,70.878 39.647,71.425 38.853,71.425 C38.853,71.425 37.753,71.425 37.753,71.425 C39.731,72.738 42.309,73.513 45.036,73.513 zM30.983,65.909 C30.983,67.084 31.829,67.936 32.995,67.936 C32.995,67.936 37.787,67.936 37.787,67.936 C38.731,66.633 40.808,65.477 45.198,65.477 C49.803,65.477 51.795,66.745 52.651,67.936 C52.651,67.936 57.076,67.936 57.076,67.936 C58.242,67.936 59.089,67.084 59.089,65.909 C59.089,65.909 59.089,58.038 59.089,58.038 C59.129,57.484 58.956,57.038 58.621,56.670 C58.260,56.276 57.774,56.048 57.306,56.026 C57.270,56.023 57.214,56.017 57.162,56.010 C57.162,56.010 32.995,56.010 32.995,56.010 C32.720,56.010 32.468,56.065 32.235,56.153 C32.213,56.159 32.191,56.169 32.169,56.175 C31.452,56.475 30.983,57.165 30.983,58.038 C30.983,58.038 30.983,65.909 30.983,65.909 zM68.858,21.703 C65.501,21.857 62.360,22.878 60.661,24.368 C60.295,24.690 59.817,24.847 59.324,24.784 C58.841,24.728 58.404,24.467 58.120,24.068 C54.693,19.249 49.746,16.487 44.548,16.487 C39.292,16.487 34.312,19.294 30.883,24.192 C30.600,24.595 30.159,24.859 29.670,24.917 C29.186,24.980 28.692,24.821 28.324,24.491 C26.634,22.984 23.499,21.938 20.142,21.762 C17.456,21.624 14.831,22.039 12.933,22.914 C11.417,23.610 10.486,24.546 10.441,25.414 C10.396,26.282 11.225,27.310 12.659,28.163 C14.457,29.233 17.027,29.928 19.708,30.071 C21.702,30.178 23.644,29.979 25.320,29.497 C25.919,29.326 26.563,29.491 27.008,29.933 C27.451,30.373 27.626,31.019 27.465,31.626 C26.884,33.809 26.589,36.073 26.589,38.358 C26.589,39.078 27.731,40.849 28.486,42.019 C29.387,43.419 30.238,44.740 30.508,45.911 C31.109,48.515 31.848,50.687 32.735,52.548 C32.823,52.544 32.906,52.522 32.995,52.522 C32.995,52.522 56.382,52.522 56.382,52.522 C57.262,50.667 57.990,48.500 58.586,45.911 C58.856,44.739 59.708,43.419 60.609,42.021 C61.365,40.849 62.506,39.078 62.506,38.358 C62.506,36.059 62.206,33.775 61.614,31.570 C61.451,30.964 61.624,30.317 62.066,29.877 C62.509,29.435 63.152,29.270 63.751,29.437 C65.402,29.904 67.303,30.096 69.230,30.016 C71.914,29.893 74.489,29.217 76.294,28.162 C77.734,27.319 78.571,26.298 78.532,25.428 C78.455,23.694 74.738,21.443 68.858,21.703 zM51.808,38.850 C49.562,38.850 47.741,37.015 47.741,34.750 C47.741,32.486 49.562,30.650 51.808,30.650 C54.055,30.650 55.876,32.486 55.876,34.750 C55.876,37.015 54.055,38.850 51.808,38.850 zM37.164,38.850 C34.918,38.850 33.097,37.015 33.097,34.750 C33.097,32.486 34.918,30.650 37.164,30.650 C39.411,30.650 41.232,32.486 41.232,34.750 C41.232,37.015 39.411,38.850 37.164,38.850 zM38.690,59.841 C39.768,59.841 40.643,60.722 40.643,61.809 C40.643,62.896 39.768,63.777 38.690,63.777 C37.612,63.777 36.737,62.896 36.737,61.809 C36.737,60.722 37.612,59.841 38.690,59.841 zM51.707,59.841 C52.785,59.841 53.659,60.722 53.659,61.809 C53.659,62.896 52.785,63.777 51.707,63.777 C50.629,63.777 49.754,62.896 49.754,61.809 C49.754,60.722 50.629,59.841 51.707,59.841 z""></path></svg>"
Viande assaisonnée,"<svg  width=""90"" height=""90"" viewbox=""0 0 90 90""><path d=""M61.039,71.997 C61.039,71.997 29.986,71.997 29.986,71.997 C17.864,71.997 8.002,62.125 8.002,49.992 C8.002,46.228 8.954,42.684 10.625,39.583 C10.632,39.572 10.634,39.559 10.642,39.548 C14.363,32.670 21.638,27.987 29.986,27.987 C29.986,27.987 61.039,27.987 61.039,27.987 C73.161,27.987 83.022,37.859 83.022,49.992 C83.022,62.125 73.161,71.997 61.039,71.997 zM53.352,68.888 C53.352,68.888 53.815,68.888 53.815,68.888 C46.311,65.891 40.988,58.558 40.988,49.992 C40.988,46.756 41.766,43.706 43.115,40.987 C42.436,40.620 41.173,40.074 39.616,40.074 C38.037,40.074 36.419,40.776 35.487,41.261 C33.920,43.906 33.012,46.889 33.012,49.992 C33.012,60.058 42.516,68.888 53.352,68.888 zM41.669,68.888 C41.669,68.888 41.753,68.888 41.753,68.888 C34.797,64.975 29.907,57.813 29.907,49.992 C29.907,46.713 30.789,43.557 32.297,40.697 C31.578,40.386 30.566,40.074 29.394,40.074 C27.006,40.074 24.495,41.691 24.470,41.709 C24.206,41.883 23.909,41.967 23.615,41.967 C23.555,41.967 23.497,41.952 23.437,41.945 C22.107,44.419 21.329,47.151 21.329,49.992 C21.329,60.058 30.833,68.888 41.669,68.888 zM11.107,49.992 C11.107,60.412 19.576,68.888 29.986,68.888 C29.986,68.888 30.070,68.888 30.070,68.888 C23.114,64.975 18.224,57.813 18.224,49.992 C18.224,46.713 19.106,43.557 20.615,40.697 C19.896,40.386 18.883,40.074 17.711,40.074 C15.842,40.074 13.914,41.057 13.146,41.496 C11.852,44.053 11.107,46.934 11.107,49.992 zM29.986,31.096 C24.555,31.096 19.666,33.417 16.218,37.104 C16.706,37.023 17.204,36.965 17.711,36.965 C19.619,36.965 21.194,37.527 22.245,38.035 C24.273,35.222 26.967,32.841 30.070,31.096 C30.070,31.096 29.986,31.096 29.986,31.096 zM41.669,31.096 C35.983,31.096 30.680,33.540 26.908,37.305 C27.693,37.103 28.536,36.965 29.394,36.965 C31.301,36.965 32.877,37.527 33.928,38.035 C35.955,35.222 38.650,32.841 41.753,31.096 C41.753,31.096 41.669,31.096 41.669,31.096 zM53.352,31.096 C47.810,31.096 42.625,33.414 38.873,37.019 C39.120,36.997 39.366,36.965 39.616,36.965 C41.891,36.965 43.702,37.760 44.696,38.313 C46.956,35.099 50.118,32.572 53.815,31.096 C53.815,31.096 53.352,31.096 53.352,31.096 zM61.320,32.750 C51.821,32.750 44.093,40.484 44.093,49.992 C44.093,59.500 51.821,67.234 61.320,67.234 C70.818,67.234 78.546,59.500 78.546,49.992 C78.546,40.484 70.818,32.750 61.320,32.750 zM69.207,42.876 C67.848,42.876 66.746,41.773 66.746,40.413 C66.746,39.052 67.848,37.949 69.207,37.949 C70.566,37.949 71.668,39.052 71.668,40.413 C71.668,41.773 70.566,42.876 69.207,42.876 zM70.056,53.324 C70.056,54.685 68.954,55.788 67.595,55.788 C66.235,55.788 65.133,54.685 65.133,53.324 C65.133,51.964 66.235,50.861 67.595,50.861 C68.954,50.861 70.056,51.964 70.056,53.324 zM60.799,63.711 C58.730,63.711 57.053,62.032 57.053,59.962 C57.053,57.891 58.730,56.212 60.799,56.212 C62.868,56.212 64.545,57.891 64.545,59.962 C64.545,62.032 62.868,63.711 60.799,63.711 zM57.574,47.571 C55.505,47.571 53.828,45.892 53.828,43.822 C53.828,41.751 55.505,40.073 57.574,40.073 C59.643,40.073 61.320,41.751 61.320,43.822 C61.320,45.892 59.643,47.571 57.574,47.571 zM49.857,55.788 C48.497,55.788 47.396,54.685 47.396,53.324 C47.396,51.964 48.497,50.861 49.857,50.861 C51.216,50.861 52.318,51.964 52.318,53.324 C52.318,54.685 51.216,55.788 49.857,55.788 z""></path></svg>"
Volaille,"<svg  width=""90"" height=""90"" viewbox=""0 0 90 90""><path d=""M53.266,41.659 C53.266,43.664 51.654,45.289 49.665,45.289 C47.676,45.289 46.064,43.664 46.064,41.659 C46.064,39.654 47.676,38.029 49.665,38.029 C51.654,38.029 53.266,39.654 53.266,41.659 zM60.072,54.022 C59.354,55.048 58.541,56.004 57.637,56.869 C58.013,57.425 58.352,58.008 58.634,58.627 C60.814,63.423 59.660,68.502 56.006,70.191 C55.255,70.539 54.450,70.706 53.627,70.706 C52.475,70.706 51.289,70.373 50.161,69.752 C50.161,69.752 50.161,76.338 50.161,76.338 C50.161,77.254 49.424,77.998 48.515,77.998 C47.606,77.998 46.869,77.254 46.869,76.338 C46.869,76.338 46.869,59.963 46.869,59.963 C46.869,59.184 47.407,58.508 48.162,58.342 C55.145,56.796 60.213,50.440 60.213,43.230 C60.213,34.694 53.323,27.750 44.855,27.750 C36.387,27.750 29.497,34.694 29.497,43.230 C29.497,43.325 29.489,43.421 29.473,43.514 C29.473,43.514 23.779,76.622 23.779,76.622 C23.640,77.428 22.945,77.998 22.159,77.998 C22.065,77.998 21.971,77.989 21.876,77.974 C20.980,77.817 20.380,76.957 20.535,76.054 C20.535,76.054 26.016,44.184 26.016,44.184 C21.110,42.836 15.998,36.410 15.998,28.626 C15.998,19.633 23.256,12.316 32.178,12.316 C35.545,12.316 38.806,13.379 41.535,15.340 C43.306,13.231 45.923,11.978 48.728,11.978 C52.360,11.978 55.618,14.089 57.178,17.288 C58.014,17.045 58.878,16.922 59.762,16.922 C64.959,16.922 69.186,21.183 69.186,26.422 C69.186,30.912 66.076,34.677 61.915,35.663 C62.845,37.784 63.385,40.109 63.472,42.552 C70.462,45.166 72.973,51.139 73.081,51.405 C73.081,51.405 73.984,53.626 73.984,53.626 C73.984,53.626 60.072,54.022 60.072,54.022 zM55.641,60.010 C55.470,59.634 55.267,59.278 55.048,58.934 C53.556,59.925 51.921,60.719 50.161,61.246 C50.161,61.246 50.161,65.583 50.161,65.583 C51.602,67.123 53.348,67.770 54.634,67.174 C56.543,66.291 57.005,63.010 55.641,60.010 zM65.893,26.422 C65.893,23.014 63.143,20.243 59.762,20.243 C58.791,20.243 57.855,20.470 56.980,20.921 C56.536,21.148 56.017,21.160 55.562,20.959 C55.109,20.755 54.770,20.357 54.641,19.872 C53.923,17.180 51.492,15.298 48.728,15.298 C46.476,15.298 44.409,16.539 43.334,18.538 C43.094,18.985 42.663,19.296 42.167,19.383 C41.671,19.464 41.161,19.320 40.786,18.980 C38.408,16.824 35.352,15.637 32.178,15.637 C25.072,15.637 19.291,21.464 19.291,28.626 C19.291,34.889 23.321,39.548 26.376,40.794 C27.566,31.577 35.392,24.429 44.855,24.429 C51.208,24.429 56.823,27.653 60.192,32.559 C63.369,32.331 65.893,29.682 65.893,26.422 zM63.281,46.067 C63.036,47.659 62.594,49.198 61.969,50.648 C61.969,50.648 68.712,50.455 68.712,50.455 C67.664,49.047 65.915,47.278 63.281,46.067 z""></path></svg>"
Végétarien,"<svg  width=""90"" height=""90"" viewbox=""0 0 90 90""><path d=""M78.130,39.891 C78.130,39.891 78.129,39.891 78.129,39.891 C77.427,39.181 76.606,38.584 75.683,38.112 C74.625,36.410 73.287,34.916 71.698,33.668 C70.290,32.562 68.745,31.696 67.097,31.087 C66.650,27.103 64.882,23.290 62.033,20.184 C62.140,17.445 61.144,14.822 59.236,12.890 C55.561,9.171 49.643,9.071 45.847,12.590 C45.093,12.526 44.409,12.496 43.740,12.496 C40.761,12.496 37.860,12.980 35.106,13.937 C31.595,12.632 27.579,13.495 24.922,16.184 C22.677,18.458 21.704,21.637 22.255,24.800 C21.379,26.539 20.790,28.356 20.492,30.230 C17.124,29.179 13.398,30.046 10.817,32.658 C8.988,34.511 7.980,36.973 7.980,39.592 C7.980,42.212 8.988,44.674 10.816,46.524 C11.105,46.817 11.416,47.091 11.756,47.352 C12.044,51.036 13.710,54.308 16.405,56.425 C18.527,58.092 21.101,58.955 23.846,58.955 C24.769,58.955 25.712,58.858 26.663,58.661 C28.169,58.348 29.620,57.785 30.983,57.024 C35.521,62.158 36.507,65.164 36.507,66.792 C36.507,74.648 36.137,78.147 36.134,78.180 C36.083,78.648 36.231,79.115 36.540,79.463 C36.850,79.814 37.291,80.014 37.755,80.014 C37.755,80.014 51.455,80.014 51.455,80.014 C52.356,80.014 53.086,79.274 53.086,78.362 C53.086,78.362 53.086,66.792 53.086,66.792 C53.086,62.619 54.597,59.087 57.546,56.276 C62.391,59.038 68.190,59.192 72.460,56.521 C74.622,56.256 76.621,55.285 78.130,53.759 C81.906,49.935 81.906,43.715 78.130,39.891 zM33.678,55.138 C34.557,54.384 35.380,53.543 36.113,52.600 C37.321,52.965 38.558,53.226 39.808,53.412 C41.078,56.862 43.045,62.934 43.045,67.463 C43.045,67.463 43.045,69.115 43.045,69.115 L43.045,76.711 C43.045,76.711 39.518,76.711 39.518,76.711 C39.632,74.895 39.770,71.673 39.770,66.792 C39.770,63.648 37.756,59.819 33.678,55.138 zM43.380,53.690 C44.256,53.702 45.132,53.675 46.005,53.600 C45.546,54.914 45.092,56.332 44.677,57.792 C44.270,56.362 43.827,54.974 43.380,53.690 zM49.824,66.792 C49.824,66.792 49.824,76.711 49.824,76.711 L46.307,76.711 L46.307,69.115 C46.307,69.115 46.307,67.463 46.307,67.463 C46.307,62.793 48.394,56.485 49.689,53.016 C50.706,52.782 51.712,52.507 52.691,52.151 C53.340,52.953 54.072,53.672 54.845,54.341 C51.568,57.695 49.824,61.966 49.824,66.792 zM75.823,51.423 C74.751,52.509 73.353,53.148 71.782,53.272 C71.782,53.272 71.357,53.305 71.357,53.305 C71.357,53.305 71.003,53.545 71.003,53.545 C67.230,56.095 61.655,55.567 57.446,52.262 C56.353,51.403 55.390,50.378 54.583,49.215 C54.583,49.215 53.832,48.130 53.832,48.130 C53.832,48.130 52.623,48.639 52.623,48.639 C50.917,49.355 49.121,49.831 47.296,50.112 C47.296,50.112 47.289,50.110 47.289,50.110 C47.289,50.110 47.288,50.114 47.288,50.114 C45.591,50.375 43.870,50.468 42.158,50.354 C42.158,50.354 42.148,50.325 42.148,50.325 C42.148,50.325 42.092,50.346 42.092,50.346 C40.024,50.203 37.975,49.792 36.022,49.101 C36.022,49.101 34.809,48.722 34.809,48.722 C34.809,48.722 34.105,49.775 34.105,49.775 C33.949,50.008 33.794,50.242 33.618,50.471 C31.635,53.058 28.932,54.818 26.007,55.426 C23.177,56.017 20.476,55.444 18.405,53.817 C16.254,52.127 15.037,49.503 14.976,46.429 C14.976,46.429 14.959,45.546 14.959,45.546 C14.959,45.546 14.224,45.071 14.224,45.071 C13.793,44.792 13.435,44.505 13.124,44.190 C11.911,42.963 11.242,41.329 11.242,39.592 C11.242,37.856 11.911,36.222 13.124,34.994 C14.358,33.744 15.989,33.098 17.640,33.098 C18.791,33.098 19.952,33.412 20.996,34.056 C20.996,34.056 21.797,34.487 21.797,34.487 L23.504,33.689 C23.504,33.689 23.534,32.667 23.534,32.667 C23.604,30.289 24.232,27.992 25.401,25.840 C25.401,25.840 25.706,25.279 25.706,25.279 C25.706,25.279 25.556,24.656 25.556,24.656 C25.020,22.418 25.645,20.123 27.229,18.520 C29.122,16.603 31.935,16.086 34.399,17.210 C34.399,17.210 35.009,17.487 35.009,17.487 C35.009,17.487 35.636,17.251 35.636,17.251 C38.204,16.286 40.931,15.798 43.740,15.798 C44.522,15.798 45.338,15.846 46.310,15.952 C46.310,15.952 47.131,16.042 47.131,16.042 L47.688,15.428 C47.688,15.428 47.843,15.226 47.843,15.226 C50.349,12.690 54.424,12.690 56.930,15.226 C58.312,16.624 58.968,18.584 58.730,20.600 C58.730,20.600 58.636,21.395 58.636,21.395 C58.636,21.395 59.196,21.962 59.196,21.962 C62.108,24.913 63.745,28.520 63.930,32.394 C63.930,32.394 63.986,33.569 63.986,33.569 C63.986,33.569 65.104,33.899 65.104,33.899 C66.766,34.389 68.313,35.188 69.699,36.277 C71.094,37.373 72.251,38.704 73.137,40.228 C73.137,40.228 73.403,40.685 73.403,40.685 C73.403,40.685 73.881,40.900 73.881,40.900 C74.634,41.238 75.287,41.684 75.823,42.227 C78.327,44.763 78.327,48.889 75.823,51.423 z""></path></svg>"
